date,state,vehicle_category,electric_vehicles_sold,total_vehicles_sold
1-Apr-21,Sikkim,2-Wheelers,0,398
1-Apr-21,Sikkim,4-Wheelers,0,361
1-May-21,Sikkim,2-Wheelers,0,113
1-May-21,Sikkim,4-Wheelers,0,98
1-Jun-21,Sikkim,2-Wheelers,0,229
1-Jun-21,Sikkim,4-Wheelers,0,244
1-Jul-21,Sikkim,2-Wheelers,0,458
1-Jul-21,Sikkim,4-Wheelers,0,452
1-Aug-21,Sikkim,2-Wheelers,0,489
1-Aug-21,Sikkim,4-Wheelers,0,408
1-Sep-21,Sikkim,2-Wheelers,0,540
1-Sep-21,Sikkim,4-Wheelers,0,355
1-Oct-21,Sikkim,2-Wheelers,0,455
1-Oct-21,Sikkim,4-Wheelers,0,345
1-Nov-21,Sikkim,2-Wheelers,0,478
1-Nov-21,Sikkim,4-Wheelers,0,351
1-Dec-21,Sikkim,2-Wheelers,0,454
1-Dec-21,Sikkim,4-Wheelers,0,394
1-Jan-22,Sikkim,2-Wheelers,0,400
1-Jan-22,Sikkim,4-Wheelers,0,270
1-Feb-22,Sikkim,2-Wheelers,0,384
1-Feb-22,Sikkim,4-Wheelers,0,371
1-Mar-22,Sikkim,2-Wheelers,0,460
1-Mar-22,Sikkim,4-Wheelers,0,390
1-Apr-22,Sikkim,2-Wheelers,0,455
1-Apr-22,Sikkim,4-Wheelers,0,380
1-May-22,Sikkim,2-Wheelers,0,461
1-May-22,Sikkim,4-Wheelers,0,421
1-Jun-22,Sikkim,2-Wheelers,0,429
1-Jun-22,Sikkim,4-Wheelers,0,446
1-Jul-22,Sikkim,2-Wheelers,0,409
1-Jul-22,Sikkim,4-Wheelers,0,439
1-Aug-22,Sikkim,2-Wheelers,0,394
1-Aug-22,Sikkim,4-Wheelers,0,421
1-Sep-22,Sikkim,2-Wheelers,0,443
1-Sep-22,Sikkim,4-Wheelers,0,581
1-Oct-22,Sikkim,2-Wheelers,0,371
1-Oct-22,Sikkim,4-Wheelers,0,340
1-Nov-22,Sikkim,2-Wheelers,0,431
1-Nov-22,Sikkim,4-Wheelers,0,411
1-Dec-22,Sikkim,2-Wheelers,0,274
1-Dec-22,Sikkim,4-Wheelers,0,288
1-Jan-23,Sikkim,2-Wheelers,0,470
1-Jan-23,Sikkim,4-Wheelers,0,420
1-Feb-23,Sikkim,2-Wheelers,0,324
1-Feb-23,Sikkim,4-Wheelers,0,364
1-Mar-23,Sikkim,2-Wheelers,0,454
1-Mar-23,Sikkim,4-Wheelers,0,505
1-Apr-23,Sikkim,2-Wheelers,0,465
1-Apr-23,Sikkim,4-Wheelers,0,439
1-May-23,Sikkim,2-Wheelers,0,507
1-May-23,Sikkim,4-Wheelers,0,448
1-Jun-23,Sikkim,2-Wheelers,0,517
1-Jun-23,Sikkim,4-Wheelers,0,457
1-Jul-23,Sikkim,2-Wheelers,0,423
1-Jul-23,Sikkim,4-Wheelers,0,371
1-Aug-23,Sikkim,2-Wheelers,0,465
1-Aug-23,Sikkim,4-Wheelers,0,460
1-Sep-23,Sikkim,2-Wheelers,0,546
1-Sep-23,Sikkim,4-Wheelers,0,509
1-Oct-23,Sikkim,2-Wheelers,0,398
1-Oct-23,Sikkim,4-Wheelers,0,389
1-Nov-23,Sikkim,2-Wheelers,0,470
1-Nov-23,Sikkim,4-Wheelers,0,403
1-Dec-23,Sikkim,2-Wheelers,0,365
1-Dec-23,Sikkim,4-Wheelers,0,318
1-Jan-24,Sikkim,2-Wheelers,0,509
1-Jan-24,Sikkim,4-Wheelers,0,422
1-Feb-24,Sikkim,2-Wheelers,0,408
1-Feb-24,Sikkim,4-Wheelers,0,375
1-Mar-24,Sikkim,2-Wheelers,0,399
1-Mar-24,Sikkim,4-Wheelers,0,455
1-Apr-21,Andaman & Nicobar Island,2-Wheelers,0,515
1-Apr-21,Arunachal Pradesh,2-Wheelers,0,1256
1-Apr-21,Arunachal Pradesh,4-Wheelers,0,724
1-Apr-21,Assam,4-Wheelers,0,6576
1-Apr-21,Chhattisgarh,4-Wheelers,0,1563
1-Apr-21,DNH and DD,4-Wheelers,0,278
1-Apr-21,Jammu and Kashmir,4-Wheelers,0,5107
1-Apr-21,Ladakh,2-Wheelers,0,2
1-Apr-21,Ladakh,4-Wheelers,0,20
1-Apr-21,Manipur,4-Wheelers,0,808
1-Apr-21,Meghalaya,2-Wheelers,0,1189
1-Apr-21,Mizoram,2-Wheelers,0,1507
1-Apr-21,Mizoram,4-Wheelers,0,281
1-Apr-21,Nagaland,2-Wheelers,0,561
1-Apr-21,Nagaland,4-Wheelers,0,747
1-Apr-21,Puducherry,4-Wheelers,0,655
1-Apr-21,Tripura,2-Wheelers,0,2906
1-Apr-21,Tripura,4-Wheelers,0,289
1-May-21,Andaman & Nicobar Island,2-Wheelers,0,4
1-May-21,Andaman & Nicobar Island,4-Wheelers,0,1
1-May-21,Arunachal Pradesh,2-Wheelers,0,552
1-May-21,Arunachal Pradesh,4-Wheelers,0,302
1-May-21,Assam,2-Wheelers,0,14723
1-May-21,Assam,4-Wheelers,0,3295
1-May-21,Bihar,4-Wheelers,0,2249
1-May-21,Chandigarh,2-Wheelers,0,411
1-May-21,Chhattisgarh,4-Wheelers,0,1387
1-May-21,DNH and DD,2-Wheelers,0,452
1-May-21,DNH and DD,4-Wheelers,0,202
1-May-21,Delhi,2-Wheelers,0,22
1-May-21,Delhi,4-Wheelers,0,21
1-May-21,Jammu and Kashmir,4-Wheelers,0,2372
1-May-21,Ladakh,2-Wheelers,0,11
1-May-21,Ladakh,4-Wheelers,0,70
1-May-21,Madhya Pradesh,4-Wheelers,0,195
1-May-21,Manipur,2-Wheelers,0,288
1-May-21,Manipur,4-Wheelers,0,9
1-May-21,Meghalaya,2-Wheelers,0,332
1-May-21,Mizoram,2-Wheelers,0,15
1-May-21,Mizoram,4-Wheelers,0,4
1-May-21,Nagaland,2-Wheelers,0,125
1-May-21,Nagaland,4-Wheelers,0,126
1-May-21,Odisha,4-Wheelers,0,722
1-May-21,Punjab,4-Wheelers,0,5202
1-May-21,Tripura,2-Wheelers,0,2063
1-May-21,Tripura,4-Wheelers,0,192
1-May-21,Uttarakhand,4-Wheelers,0,1145
1-Jun-21,Andaman & Nicobar Island,2-Wheelers,0,2
1-Jun-21,Arunachal Pradesh,2-Wheelers,0,727
1-Jun-21,Arunachal Pradesh,4-Wheelers,0,565
1-Jun-21,Ladakh,2-Wheelers,0,3
1-Jun-21,Ladakh,4-Wheelers,0,112
1-Jun-21,Manipur,2-Wheelers,0,89
1-Jun-21,Manipur,4-Wheelers,0,18
1-Jun-21,Meghalaya,2-Wheelers,0,354
1-Jun-21,Meghalaya,4-Wheelers,0,246
1-Jun-21,Mizoram,2-Wheelers,0,648
1-Jun-21,Mizoram,4-Wheelers,0,298
1-Jun-21,Nagaland,2-Wheelers,0,42
1-Jun-21,Nagaland,4-Wheelers,0,54
1-Jun-21,Puducherry,4-Wheelers,0,445
1-Jun-21,Tripura,4-Wheelers,0,185
1-Jul-21,Andaman & Nicobar Island,2-Wheelers,0,467
1-Jul-21,Arunachal Pradesh,2-Wheelers,0,994
1-Jul-21,Arunachal Pradesh,4-Wheelers,0,661
1-Jul-21,Assam,4-Wheelers,0,4988
1-Jul-21,DNH and DD,4-Wheelers,0,276
1-Jul-21,Ladakh,2-Wheelers,0,51
1-Jul-21,Ladakh,4-Wheelers,0,552
1-Jul-21,Manipur,2-Wheelers,0,474
1-Jul-21,Manipur,4-Wheelers,0,68
1-Jul-21,Meghalaya,2-Wheelers,0,726
1-Jul-21,Mizoram,2-Wheelers,0,1096
1-Jul-21,Mizoram,4-Wheelers,0,219
1-Jul-21,Nagaland,2-Wheelers,0,583
1-Jul-21,Nagaland,4-Wheelers,0,1039
1-Jul-21,Puducherry,4-Wheelers,0,866
1-Jul-21,Tripura,2-Wheelers,0,2211
1-Jul-21,Tripura,4-Wheelers,0,352
1-Aug-21,Andaman & Nicobar Island,2-Wheelers,0,406
1-Aug-21,Arunachal Pradesh,2-Wheelers,0,1126
1-Aug-21,Arunachal Pradesh,4-Wheelers,0,758
1-Aug-21,DNH and DD,4-Wheelers,0,321
1-Aug-21,Himachal Pradesh,4-Wheelers,0,3641
1-Aug-21,Jammu and Kashmir,4-Wheelers,0,5430
1-Aug-21,Ladakh,2-Wheelers,0,30
1-Aug-21,Ladakh,4-Wheelers,0,459
1-Aug-21,Manipur,2-Wheelers,0,1016
1-Aug-21,Manipur,4-Wheelers,0,561
1-Aug-21,Meghalaya,2-Wheelers,0,1041
1-Aug-21,Meghalaya,4-Wheelers,0,826
1-Aug-21,Mizoram,2-Wheelers,0,1057
1-Aug-21,Mizoram,4-Wheelers,0,240
1-Aug-21,Nagaland,2-Wheelers,0,577
1-Aug-21,Nagaland,4-Wheelers,0,763
1-Aug-21,Tripura,2-Wheelers,0,2462
1-Aug-21,Tripura,4-Wheelers,0,462
1-Sep-21,Andaman & Nicobar Island,2-Wheelers,0,329
1-Sep-21,Andaman & Nicobar Island,4-Wheelers,0,87
1-Sep-21,Arunachal Pradesh,2-Wheelers,0,1260
1-Sep-21,Arunachal Pradesh,4-Wheelers,0,637
1-Sep-21,Assam,4-Wheelers,0,6036
1-Sep-21,DNH and DD,4-Wheelers,0,348
1-Sep-21,Ladakh,2-Wheelers,0,26
1-Sep-21,Ladakh,4-Wheelers,0,444
1-Sep-21,Manipur,2-Wheelers,0,3492
1-Sep-21,Manipur,4-Wheelers,0,1202
1-Sep-21,Meghalaya,2-Wheelers,0,1396
1-Sep-21,Meghalaya,4-Wheelers,0,905
1-Sep-21,Mizoram,2-Wheelers,0,1465
1-Sep-21,Mizoram,4-Wheelers,0,264
1-Sep-21,Nagaland,4-Wheelers,0,681
1-Sep-21,Tripura,2-Wheelers,0,2736
1-Sep-21,Tripura,4-Wheelers,0,403
1-Oct-21,Andaman & Nicobar Island,2-Wheelers,0,360
1-Oct-21,Arunachal Pradesh,2-Wheelers,0,1109
1-Oct-21,Arunachal Pradesh,4-Wheelers,0,570
1-Oct-21,Assam,4-Wheelers,0,5877
1-Oct-21,Ladakh,4-Wheelers,0,289
1-Oct-21,Manipur,4-Wheelers,0,916
1-Oct-21,Meghalaya,2-Wheelers,0,1414
1-Oct-21,Meghalaya,4-Wheelers,0,722
1-Oct-21,Mizoram,2-Wheelers,0,1886
1-Oct-21,Mizoram,4-Wheelers,0,283
1-Oct-21,Nagaland,2-Wheelers,0,650
1-Oct-21,Nagaland,4-Wheelers,0,567
1-Oct-21,Puducherry,4-Wheelers,0,609
1-Oct-21,Tripura,2-Wheelers,0,3015
1-Oct-21,Tripura,4-Wheelers,0,366
1-Nov-21,Andaman & Nicobar Island,2-Wheelers,0,413
1-Nov-21,Andaman & Nicobar Island,4-Wheelers,0,125
1-Nov-21,Arunachal Pradesh,2-Wheelers,0,1262
1-Nov-21,Arunachal Pradesh,4-Wheelers,0,646
1-Nov-21,Assam,4-Wheelers,0,5618
1-Nov-21,DNH and DD,4-Wheelers,0,330
1-Nov-21,Himachal Pradesh,4-Wheelers,0,4496
1-Nov-21,Jammu and Kashmir,4-Wheelers,0,4709
1-Nov-21,Ladakh,2-Wheelers,0,28
1-Nov-21,Ladakh,4-Wheelers,0,287
1-Nov-21,Manipur,4-Wheelers,0,875
1-Nov-21,Meghalaya,2-Wheelers,0,1442
1-Nov-21,Meghalaya,4-Wheelers,0,806
1-Nov-21,Mizoram,2-Wheelers,0,1820
1-Nov-21,Mizoram,4-Wheelers,0,328
1-Nov-21,Nagaland,2-Wheelers,0,592
1-Nov-21,Nagaland,4-Wheelers,0,692
1-Nov-21,Tripura,2-Wheelers,0,3843
1-Nov-21,Tripura,4-Wheelers,0,326
1-Dec-21,Andaman & Nicobar Island,2-Wheelers,0,376
1-Dec-21,Arunachal Pradesh,2-Wheelers,0,1036
1-Dec-21,Arunachal Pradesh,4-Wheelers,0,709
1-Dec-21,Jammu and Kashmir,4-Wheelers,0,5306
1-Dec-21,Ladakh,2-Wheelers,0,15
1-Dec-21,Ladakh,4-Wheelers,0,167
1-Dec-21,Manipur,4-Wheelers,0,849
1-Dec-21,Meghalaya,2-Wheelers,0,1101
1-Dec-21,Meghalaya,4-Wheelers,0,888
1-Dec-21,Mizoram,2-Wheelers,0,1740
1-Dec-21,Mizoram,4-Wheelers,0,376
1-Dec-21,Nagaland,2-Wheelers,0,353
1-Dec-21,Nagaland,4-Wheelers,0,540
1-Dec-21,Tripura,4-Wheelers,0,352
1-Jan-22,Andaman & Nicobar Island,2-Wheelers,0,336
1-Jan-22,Andaman & Nicobar Island,4-Wheelers,0,90
1-Jan-22,Arunachal Pradesh,2-Wheelers,0,950
1-Jan-22,Arunachal Pradesh,4-Wheelers,0,766
1-Jan-22,Assam,4-Wheelers,0,5550
1-Jan-22,DNH and DD,4-Wheelers,0,358
1-Jan-22,Jammu and Kashmir,4-Wheelers,0,3963
1-Jan-22,Ladakh,4-Wheelers,0,150
1-Jan-22,Manipur,4-Wheelers,0,687
1-Jan-22,Meghalaya,2-Wheelers,0,1112
1-Jan-22,Meghalaya,4-Wheelers,0,1063
1-Jan-22,Mizoram,2-Wheelers,0,1387
1-Jan-22,Mizoram,4-Wheelers,0,311
1-Jan-22,Nagaland,2-Wheelers,0,410
1-Jan-22,Nagaland,4-Wheelers,0,722
1-Jan-22,Puducherry,4-Wheelers,0,758
1-Jan-22,Tripura,4-Wheelers,0,394
1-Feb-22,Andaman & Nicobar Island,2-Wheelers,0,388
1-Feb-22,Andaman & Nicobar Island,4-Wheelers,0,112
1-Feb-22,Arunachal Pradesh,2-Wheelers,0,858
1-Feb-22,Arunachal Pradesh,4-Wheelers,0,671
1-Feb-22,Ladakh,2-Wheelers,0,15
1-Feb-22,Ladakh,4-Wheelers,0,44
1-Feb-22,Manipur,4-Wheelers,0,834
1-Feb-22,Meghalaya,2-Wheelers,0,1145
1-Feb-22,Mizoram,2-Wheelers,0,1599
1-Feb-22,Mizoram,4-Wheelers,0,354
1-Feb-22,Nagaland,2-Wheelers,0,504
1-Feb-22,Nagaland,4-Wheelers,0,773
1-Feb-22,Puducherry,4-Wheelers,0,622
1-Feb-22,Tripura,4-Wheelers,0,340
1-Mar-22,Andaman & Nicobar Island,2-Wheelers,0,383
1-Mar-22,Arunachal Pradesh,2-Wheelers,0,1111
1-Mar-22,Arunachal Pradesh,4-Wheelers,0,679
1-Mar-22,Ladakh,2-Wheelers,0,49
1-Mar-22,Ladakh,4-Wheelers,0,49
1-Mar-22,Manipur,4-Wheelers,0,717
1-Mar-22,Meghalaya,2-Wheelers,0,1687
1-Mar-22,Meghalaya,4-Wheelers,0,1104
1-Mar-22,Mizoram,2-Wheelers,0,1848
1-Mar-22,Mizoram,4-Wheelers,0,413
1-Mar-22,Nagaland,2-Wheelers,0,541
1-Mar-22,Nagaland,4-Wheelers,0,632
1-Mar-22,Tripura,4-Wheelers,0,484
1-Apr-22,Andaman & Nicobar Island,2-Wheelers,0,407
1-Apr-22,Arunachal Pradesh,2-Wheelers,0,1063
1-Apr-22,Arunachal Pradesh,4-Wheelers,0,824
1-Apr-22,Ladakh,2-Wheelers,0,351
1-Apr-22,Ladakh,4-Wheelers,0,105
1-Apr-22,Mizoram,2-Wheelers,0,1530
1-Apr-22,Mizoram,4-Wheelers,0,323
1-Apr-22,Nagaland,4-Wheelers,0,723
1-Apr-22,Tripura,4-Wheelers,0,448
1-May-22,Andaman & Nicobar Island,2-Wheelers,0,358
1-May-22,Andaman & Nicobar Island,4-Wheelers,0,110
1-May-22,Arunachal Pradesh,2-Wheelers,0,1241
1-May-22,Arunachal Pradesh,4-Wheelers,0,965
1-May-22,Ladakh,2-Wheelers,0,419
1-May-22,Ladakh,4-Wheelers,0,322
1-May-22,Manipur,4-Wheelers,0,644
1-May-22,Meghalaya,2-Wheelers,0,1780
1-May-22,Mizoram,4-Wheelers,0,397
1-May-22,Nagaland,4-Wheelers,0,630
1-May-22,Tripura,4-Wheelers,0,359
1-Jun-22,Andaman & Nicobar Island,2-Wheelers,0,423
1-Jun-22,Andaman & Nicobar Island,4-Wheelers,0,115
1-Jun-22,Arunachal Pradesh,2-Wheelers,0,1253
1-Jun-22,Arunachal Pradesh,4-Wheelers,0,1021
1-Jun-22,Ladakh,4-Wheelers,0,310
1-Jun-22,Manipur,4-Wheelers,0,1029
1-Jun-22,Mizoram,4-Wheelers,0,373
1-Jun-22,Nagaland,2-Wheelers,0,594
1-Jun-22,Nagaland,4-Wheelers,0,735
1-Jun-22,Tripura,4-Wheelers,0,354
1-Jul-22,Andaman & Nicobar Island,2-Wheelers,0,385
1-Jul-22,Andaman & Nicobar Island,4-Wheelers,0,127
1-Jul-22,Arunachal Pradesh,2-Wheelers,0,1181
1-Jul-22,DNH and DD,4-Wheelers,0,344
1-Jul-22,Ladakh,2-Wheelers,0,314
1-Jul-22,Manipur,4-Wheelers,0,775
1-Jul-22,Mizoram,4-Wheelers,0,319
1-Jul-22,Nagaland,2-Wheelers,0,505
1-Jul-22,Nagaland,4-Wheelers,0,591
1-Jul-22,Tripura,4-Wheelers,0,402
1-Aug-22,Andaman & Nicobar Island,2-Wheelers,0,398
1-Aug-22,Andaman & Nicobar Island,4-Wheelers,0,154
1-Aug-22,Arunachal Pradesh,2-Wheelers,0,1244
1-Aug-22,Arunachal Pradesh,4-Wheelers,0,866
1-Aug-22,Ladakh,2-Wheelers,0,222
1-Aug-22,Manipur,4-Wheelers,0,623
1-Aug-22,Meghalaya,4-Wheelers,0,1120
1-Aug-22,Mizoram,4-Wheelers,0,408
1-Aug-22,Nagaland,2-Wheelers,0,554
1-Aug-22,Nagaland,4-Wheelers,0,844
1-Aug-22,Tripura,4-Wheelers,0,403
1-Sep-22,Andaman & Nicobar Island,2-Wheelers,0,484
1-Sep-22,Andaman & Nicobar Island,4-Wheelers,0,128
1-Sep-22,Arunachal Pradesh,2-Wheelers,0,1068
1-Sep-22,Arunachal Pradesh,4-Wheelers,0,931
1-Sep-22,Ladakh,2-Wheelers,0,30
1-Sep-22,Ladakh,4-Wheelers,0,189
1-Sep-22,Manipur,4-Wheelers,0,820
1-Sep-22,Mizoram,4-Wheelers,0,379
1-Sep-22,Nagaland,2-Wheelers,0,589
1-Sep-22,Nagaland,4-Wheelers,0,780
1-Sep-22,Tripura,4-Wheelers,0,465
1-Oct-22,Andaman & Nicobar Island,2-Wheelers,0,409
1-Oct-22,Andaman & Nicobar Island,4-Wheelers,0,144
1-Oct-22,Arunachal Pradesh,2-Wheelers,0,850
1-Oct-22,Arunachal Pradesh,4-Wheelers,0,741
1-Oct-22,Ladakh,2-Wheelers,0,27
1-Oct-22,Ladakh,4-Wheelers,0,264
1-Oct-22,Manipur,4-Wheelers,0,596
1-Oct-22,Mizoram,4-Wheelers,0,362
1-Oct-22,Nagaland,2-Wheelers,0,374
1-Oct-22,Nagaland,4-Wheelers,0,690
1-Oct-22,Tripura,4-Wheelers,0,416
1-Nov-22,Arunachal Pradesh,2-Wheelers,0,1251
1-Nov-22,Arunachal Pradesh,4-Wheelers,0,971
1-Nov-22,Jammu and Kashmir,4-Wheelers,0,4102
1-Nov-22,Ladakh,2-Wheelers,0,23
1-Nov-22,Ladakh,4-Wheelers,0,244
1-Nov-22,Manipur,4-Wheelers,0,1569
1-Nov-22,Meghalaya,4-Wheelers,0,1158
1-Nov-22,Mizoram,4-Wheelers,0,378
1-Nov-22,Nagaland,2-Wheelers,0,447
1-Nov-22,Nagaland,4-Wheelers,0,724
1-Nov-22,Punjab,4-Wheelers,0,8875
1-Nov-22,Tripura,4-Wheelers,0,410
1-Dec-22,Arunachal Pradesh,4-Wheelers,0,865
1-Dec-22,Ladakh,2-Wheelers,0,16
1-Dec-22,Ladakh,4-Wheelers,0,144
1-Dec-22,Manipur,4-Wheelers,0,1478
1-Dec-22,Meghalaya,4-Wheelers,0,1150
1-Dec-22,Mizoram,4-Wheelers,0,445
1-Dec-22,Nagaland,2-Wheelers,0,369
1-Dec-22,Nagaland,4-Wheelers,0,490
1-Dec-22,Tripura,4-Wheelers,0,385
1-Jan-23,Andaman & Nicobar Island,2-Wheelers,0,373
1-Jan-23,Andaman & Nicobar Island,4-Wheelers,0,153
1-Jan-23,Arunachal Pradesh,2-Wheelers,0,718
1-Jan-23,Arunachal Pradesh,4-Wheelers,0,966
1-Jan-23,Ladakh,4-Wheelers,0,92
1-Jan-23,Mizoram,4-Wheelers,0,476
1-Jan-23,Nagaland,2-Wheelers,0,432
1-Jan-23,Nagaland,4-Wheelers,0,545
1-Jan-23,Punjab,4-Wheelers,0,11608
1-Jan-23,Tripura,4-Wheelers,0,399
1-Feb-23,Andaman & Nicobar Island,2-Wheelers,0,346
1-Feb-23,Andaman & Nicobar Island,4-Wheelers,0,148
1-Feb-23,Arunachal Pradesh,2-Wheelers,0,816
1-Feb-23,Arunachal Pradesh,4-Wheelers,0,840
1-Feb-23,Ladakh,2-Wheelers,0,5
1-Feb-23,Ladakh,4-Wheelers,0,49
1-Feb-23,Meghalaya,4-Wheelers,0,1002
1-Feb-23,Mizoram,4-Wheelers,0,337
1-Feb-23,Nagaland,2-Wheelers,0,375
1-Feb-23,Nagaland,4-Wheelers,0,806
1-Feb-23,Tripura,4-Wheelers,0,328
1-Mar-23,Arunachal Pradesh,2-Wheelers,0,1131
1-Mar-23,Arunachal Pradesh,4-Wheelers,0,1048
1-Mar-23,Ladakh,2-Wheelers,0,30
1-Mar-23,Ladakh,4-Wheelers,0,59
1-Mar-23,Manipur,4-Wheelers,0,320
1-Mar-23,Meghalaya,4-Wheelers,0,1369
1-Mar-23,Mizoram,4-Wheelers,0,433
1-Mar-23,Nagaland,2-Wheelers,0,693
1-Mar-23,Nagaland,4-Wheelers,0,820
1-Apr-23,Andaman & Nicobar Island,2-Wheelers,0,325
1-Apr-23,Arunachal Pradesh,2-Wheelers,0,971
1-Apr-23,Ladakh,2-Wheelers,0,43
1-Apr-23,Ladakh,4-Wheelers,0,219
1-Apr-23,Manipur,4-Wheelers,0,942
1-Apr-23,Mizoram,4-Wheelers,0,336
1-Apr-23,Nagaland,2-Wheelers,0,560
1-May-23,Andaman & Nicobar Island,2-Wheelers,0,436
1-May-23,Andaman & Nicobar Island,4-Wheelers,0,150
1-May-23,Arunachal Pradesh,4-Wheelers,0,1132
1-May-23,Ladakh,4-Wheelers,0,364
1-May-23,Mizoram,4-Wheelers,0,382
1-May-23,Nagaland,2-Wheelers,0,610
1-May-23,Nagaland,4-Wheelers,0,796
1-Jun-23,Andaman & Nicobar Island,2-Wheelers,0,373
1-Jun-23,Arunachal Pradesh,2-Wheelers,0,1141
1-Jun-23,Arunachal Pradesh,4-Wheelers,0,1089
1-Jun-23,Ladakh,4-Wheelers,0,304
1-Jun-23,Manipur,4-Wheelers,0,220
1-Jun-23,Mizoram,4-Wheelers,0,383
1-Jun-23,Nagaland,2-Wheelers,0,650
1-Jun-23,Nagaland,4-Wheelers,0,620
1-Jul-23,Andaman & Nicobar Island,2-Wheelers,0,424
1-Jul-23,Arunachal Pradesh,2-Wheelers,0,1315
1-Jul-23,Ladakh,4-Wheelers,0,301
1-Jul-23,Mizoram,4-Wheelers,0,439
1-Aug-23,Andaman & Nicobar Island,2-Wheelers,0,477
1-Aug-23,Arunachal Pradesh,2-Wheelers,0,1292
1-Aug-23,Ladakh,2-Wheelers,0,63
1-Aug-23,Ladakh,4-Wheelers,0,278
1-Aug-23,Mizoram,4-Wheelers,0,410
1-Aug-23,Nagaland,2-Wheelers,0,592
1-Aug-23,Nagaland,4-Wheelers,0,760
1-Sep-23,Andaman & Nicobar Island,2-Wheelers,0,379
1-Sep-23,Arunachal Pradesh,2-Wheelers,0,1274
1-Sep-23,Ladakh,2-Wheelers,0,40
1-Sep-23,Ladakh,4-Wheelers,0,211
1-Sep-23,Manipur,2-Wheelers,0,426
1-Sep-23,Manipur,4-Wheelers,0,239
1-Sep-23,Mizoram,4-Wheelers,0,415
1-Sep-23,Nagaland,4-Wheelers,0,654
1-Oct-23,Arunachal Pradesh,2-Wheelers,0,1281
1-Oct-23,Ladakh,2-Wheelers,0,33
1-Oct-23,Ladakh,4-Wheelers,0,187
1-Oct-23,Mizoram,4-Wheelers,0,453
1-Oct-23,Nagaland,2-Wheelers,0,471
1-Oct-23,Nagaland,4-Wheelers,0,743
1-Nov-23,Arunachal Pradesh,2-Wheelers,0,1458
1-Nov-23,Ladakh,2-Wheelers,0,39
1-Nov-23,Ladakh,4-Wheelers,0,166
1-Nov-23,Mizoram,4-Wheelers,0,531
1-Dec-23,Ladakh,2-Wheelers,0,7
1-Dec-23,Ladakh,4-Wheelers,0,144
1-Dec-23,Mizoram,4-Wheelers,0,568
1-Dec-23,Nagaland,2-Wheelers,0,421
1-Dec-23,Nagaland,4-Wheelers,0,562
1-Jan-24,Arunachal Pradesh,2-Wheelers,0,995
1-Jan-24,Nagaland,2-Wheelers,0,505
1-Jan-24,Ladakh,4-Wheelers,0,141
1-Jan-24,Andaman & Nicobar,4-Wheelers,0,177
1-Jan-24,Nagaland,4-Wheelers,0,877
1-Feb-24,Arunachal Pradesh,2-Wheelers,0,1117
1-Feb-24,Nagaland,2-Wheelers,0,763
1-Feb-24,Ladakh,2-Wheelers,0,4
1-Feb-24,Mizoram,4-Wheelers,0,494
1-Feb-24,Ladakh,4-Wheelers,0,47
1-Mar-24,Arunachal Pradesh,2-Wheelers,0,1259
1-Mar-24,Ladakh,2-Wheelers,0,11
1-Mar-24,Mizoram,4-Wheelers,0,463
1-Mar-24,Nagaland,4-Wheelers,0,1336
1-Mar-24,Ladakh,4-Wheelers,0,81
1-Apr-21,DNH and DD,2-Wheelers,1,657
1-Apr-21,Himachal Pradesh,4-Wheelers,1,3544
1-Apr-21,Meghalaya,4-Wheelers,1,930
1-May-21,Chandigarh,4-Wheelers,1,413
1-May-21,Haryana,4-Wheelers,1,4373
1-May-21,Himachal Pradesh,4-Wheelers,1,1503
1-May-21,Jharkhand,4-Wheelers,1,2290
1-May-21,Madhya Pradesh,2-Wheelers,1,6302
1-May-21,Meghalaya,4-Wheelers,1,88
1-Jun-21,Assam,4-Wheelers,1,3842
1-Jun-21,DNH and DD,4-Wheelers,1,234
1-Jun-21,Himachal Pradesh,4-Wheelers,1,3193
1-Jun-21,Jammu and Kashmir,4-Wheelers,1,4469
1-Jun-21,Tripura,2-Wheelers,1,1523
1-Jul-21,Jammu and Kashmir,4-Wheelers,1,5336
1-Jul-21,Meghalaya,4-Wheelers,1,759
1-Aug-21,Andaman & Nicobar Island,4-Wheelers,1,110
1-Aug-21,Puducherry,4-Wheelers,1,837
1-Sep-21,DNH and DD,2-Wheelers,1,666
1-Sep-21,Himachal Pradesh,4-Wheelers,1,3379
1-Sep-21,Jammu and Kashmir,4-Wheelers,1,3773
1-Sep-21,Nagaland,2-Wheelers,1,578
1-Oct-21,Andaman & Nicobar Island,4-Wheelers,1,70
1-Oct-21,DNH and DD,2-Wheelers,1,628
1-Oct-21,DNH and DD,4-Wheelers,1,333
1-Oct-21,Himachal Pradesh,4-Wheelers,1,3201
1-Nov-21,DNH and DD,2-Wheelers,1,938
1-Nov-21,Puducherry,4-Wheelers,1,532
1-Dec-21,Andaman & Nicobar Island,4-Wheelers,1,122
1-Dec-21,DNH and DD,4-Wheelers,1,336
1-Dec-21,Himachal Pradesh,4-Wheelers,1,4105
1-Dec-21,Tripura,2-Wheelers,1,3579
1-Feb-22,DNH and DD,4-Wheelers,1,354
1-Feb-22,Meghalaya,4-Wheelers,1,917
1-Mar-22,DNH and DD,4-Wheelers,1,355
1-Apr-22,Andaman & Nicobar Island,4-Wheelers,1,147
1-Apr-22,DNH and DD,4-Wheelers,1,431
1-Apr-22,Manipur,2-Wheelers,1,1246
1-Apr-22,Manipur,4-Wheelers,1,813
1-Apr-22,Meghalaya,4-Wheelers,1,860
1-May-22,DNH and DD,4-Wheelers,1,374
1-May-22,Mizoram,2-Wheelers,1,1638
1-May-22,Nagaland,2-Wheelers,1,514
1-Jun-22,DNH and DD,2-Wheelers,1,767
1-Jun-22,Meghalaya,4-Wheelers,1,1087
1-Jul-22,Arunachal Pradesh,4-Wheelers,1,947
1-Jul-22,Ladakh,4-Wheelers,1,285
1-Jul-22,Mizoram,2-Wheelers,1,1427
1-Aug-22,DNH and DD,4-Wheelers,1,303
1-Sep-22,DNH and DD,4-Wheelers,1,390
1-Sep-22,Manipur,2-Wheelers,1,2473
1-Sep-22,Meghalaya,2-Wheelers,1,1719
1-Oct-22,Meghalaya,4-Wheelers,1,1188
1-Nov-22,Andaman & Nicobar Island,4-Wheelers,1,159
1-Dec-22,Arunachal Pradesh,2-Wheelers,1,925
1-Dec-22,Meghalaya,2-Wheelers,1,1180
1-Dec-22,Punjab,4-Wheelers,1,13085
1-Jan-23,DNH and DD,4-Wheelers,1,360
1-Jan-23,Ladakh,2-Wheelers,1,20
1-Jan-23,Meghalaya,4-Wheelers,1,1271
1-Mar-23,Andaman & Nicobar Island,2-Wheelers,1,373
1-Mar-23,Andaman & Nicobar Island,4-Wheelers,1,162
1-Mar-23,Meghalaya,2-Wheelers,1,1907
1-Apr-23,Andaman & Nicobar Island,4-Wheelers,1,122
1-Apr-23,Arunachal Pradesh,4-Wheelers,1,892
1-Apr-23,DNH and DD,4-Wheelers,1,407
1-Apr-23,Nagaland,4-Wheelers,1,687
1-Apr-23,Tripura,4-Wheelers,1,299
1-May-23,Arunachal Pradesh,2-Wheelers,1,1193
1-Jun-23,Andaman & Nicobar Island,4-Wheelers,1,136
1-Jun-23,DNH and DD,4-Wheelers,1,370
1-Jun-23,Meghalaya,2-Wheelers,1,1969
1-Jul-23,Ladakh,2-Wheelers,1,117
1-Jul-23,Nagaland,2-Wheelers,1,599
1-Jul-23,Nagaland,4-Wheelers,1,739
1-Aug-23,DNH and DD,4-Wheelers,1,357
1-Sep-23,Andaman & Nicobar Island,4-Wheelers,1,148
1-Sep-23,Nagaland,2-Wheelers,1,531
1-Oct-23,Andaman & Nicobar Island,2-Wheelers,1,404
1-Oct-23,Andaman & Nicobar Island,4-Wheelers,1,191
1-Oct-23,Meghalaya,2-Wheelers,1,1776
1-Oct-23,Meghalaya,4-Wheelers,1,1354
1-Nov-23,Andaman & Nicobar Island,4-Wheelers,1,170
1-Nov-23,Nagaland,2-Wheelers,1,634
1-Nov-23,Nagaland,4-Wheelers,1,860
1-Dec-23,Meghalaya,2-Wheelers,1,1518
1-Dec-23,Meghalaya,4-Wheelers,1,1060
1-Jan-24,Mizoram,4-Wheelers,1,513
1-Jan-24,Meghalaya,4-Wheelers,1,1429
1-Feb-24,Andaman & Nicobar Island,4-Wheelers,1,181
1-Feb-24,Nagaland,4-Wheelers,1,822
1-Mar-24,Andaman & Nicobar Island,4-Wheelers,1,158
1-Mar-24,Arunachal Pradesh,4-Wheelers,1,1081
1-Apr-21,Andaman & Nicobar Island,4-Wheelers,9,168
1-Apr-21,Andhra Pradesh,4-Wheelers,26,7837
1-Apr-21,Bihar,4-Wheelers,4,5731
1-Apr-21,Chandigarh,4-Wheelers,2,1426
1-Apr-21,Delhi,4-Wheelers,61,8076
1-Apr-21,Goa,4-Wheelers,8,1442
1-Apr-21,Gujarat,4-Wheelers,44,17386
1-Apr-21,Haryana,4-Wheelers,3,15476
1-Apr-21,Jharkhand,4-Wheelers,3,3425
1-Apr-21,Karnataka,4-Wheelers,90,16864
1-Apr-21,Kerala,4-Wheelers,132,23660
1-Apr-21,Madhya Pradesh,4-Wheelers,2,5356
1-Apr-21,Maharashtra,4-Wheelers,96,16829
1-Apr-21,Odisha,4-Wheelers,5,5101
1-Apr-21,Punjab,4-Wheelers,4,8955
1-Apr-21,Rajasthan,4-Wheelers,22,10647
1-Apr-21,Tamil Nadu,4-Wheelers,75,18826
1-Apr-21,Uttar Pradesh,4-Wheelers,4,23056
1-Apr-21,Uttarakhand,4-Wheelers,10,2728
1-Apr-21,West Bengal,4-Wheelers,24,7640
1-May-21,Andhra Pradesh,4-Wheelers,16,5831
1-May-21,Goa,4-Wheelers,4,393
1-May-21,Gujarat,4-Wheelers,29,15959
1-May-21,Karnataka,4-Wheelers,2,646
1-May-21,Kerala,4-Wheelers,48,5164
1-May-21,Maharashtra,4-Wheelers,121,13528
1-May-21,Puducherry,4-Wheelers,2,119
1-May-21,Rajasthan,4-Wheelers,7,2756
1-May-21,Tamil Nadu,4-Wheelers,14,3413
1-May-21,Uttar Pradesh,4-Wheelers,3,14016
1-May-21,West Bengal,4-Wheelers,6,3962
1-Jun-21,Andhra Pradesh,4-Wheelers,39,6098
1-Jun-21,Bihar,4-Wheelers,4,5692
1-Jun-21,Chandigarh,4-Wheelers,12,2050
1-Jun-21,Chhattisgarh,4-Wheelers,5,4526
1-Jun-21,Delhi,4-Wheelers,148,12914
1-Jun-21,Goa,4-Wheelers,14,749
1-Jun-21,Gujarat,4-Wheelers,61,19359
1-Jun-21,Haryana,4-Wheelers,4,13420
1-Jun-21,Jharkhand,4-Wheelers,4,4405
1-Jun-21,Karnataka,4-Wheelers,71,8030
1-Jun-21,Kerala,4-Wheelers,140,10018
1-Jun-21,Madhya Pradesh,4-Wheelers,13,12092
1-Jun-21,Maharashtra,4-Wheelers,190,24817
1-Jun-21,Odisha,4-Wheelers,2,3041
1-Jun-21,Punjab,4-Wheelers,3,7126
1-Jun-21,Rajasthan,4-Wheelers,34,12070
1-Jun-21,Tamil Nadu,4-Wheelers,42,7793
1-Jun-21,Uttar Pradesh,4-Wheelers,3,25704
1-Jun-21,Uttarakhand,4-Wheelers,7,2972
1-Jun-21,West Bengal,4-Wheelers,18,6316
1-Jul-21,Andaman & Nicobar Island,4-Wheelers,8,176
1-Jul-21,Andhra Pradesh,4-Wheelers,36,7877
1-Jul-21,Bihar,4-Wheelers,5,5438
1-Jul-21,Chandigarh,4-Wheelers,9,1916
1-Jul-21,Chhattisgarh,4-Wheelers,12,4916
1-Jul-21,Delhi,4-Wheelers,131,15033
1-Jul-21,Goa,4-Wheelers,10,982
1-Jul-21,Gujarat,4-Wheelers,53,23792
1-Jul-21,Haryana,4-Wheelers,6,14524
1-Jul-21,Himachal Pradesh,4-Wheelers,2,3811
1-Jul-21,Jharkhand,4-Wheelers,4,5020
1-Jul-21,Karnataka,4-Wheelers,196,21640
1-Jul-21,Kerala,4-Wheelers,139,18406
1-Jul-21,Madhya Pradesh,4-Wheelers,17,14581
1-Jul-21,Maharashtra,4-Wheelers,286,38063
1-Jul-21,Odisha,4-Wheelers,3,5552
1-Jul-21,Punjab,4-Wheelers,3,9328
1-Jul-21,Rajasthan,4-Wheelers,52,14374
1-Jul-21,Tamil Nadu,4-Wheelers,88,20857
1-Jul-21,Uttar Pradesh,4-Wheelers,8,27999
1-Jul-21,Uttarakhand,4-Wheelers,11,4182
1-Jul-21,West Bengal,4-Wheelers,37,8919
1-Aug-21,Andhra Pradesh,4-Wheelers,78,8245
1-Aug-21,Assam,4-Wheelers,2,6447
1-Aug-21,Bihar,4-Wheelers,7,5724
1-Aug-21,Chandigarh,4-Wheelers,9,1845
1-Aug-21,Chhattisgarh,4-Wheelers,11,4350
1-Aug-21,Delhi,4-Wheelers,157,13177
1-Aug-21,Goa,4-Wheelers,19,1439
1-Aug-21,Gujarat,4-Wheelers,83,20394
1-Aug-21,Haryana,4-Wheelers,3,16027
1-Aug-21,Jharkhand,4-Wheelers,3,5113
1-Aug-21,Karnataka,4-Wheelers,137,21975
1-Aug-21,Kerala,4-Wheelers,183,22813
1-Aug-21,Madhya Pradesh,4-Wheelers,26,12758
1-Aug-21,Maharashtra,4-Wheelers,197,35127
1-Aug-21,Odisha,4-Wheelers,4,5453
1-Aug-21,Punjab,4-Wheelers,4,9209
1-Aug-21,Rajasthan,4-Wheelers,53,11454
1-Aug-21,Tamil Nadu,4-Wheelers,88,20865
1-Aug-21,Uttar Pradesh,4-Wheelers,3,24012
1-Aug-21,Uttarakhand,4-Wheelers,6,3760
1-Aug-21,West Bengal,4-Wheelers,28,9198
1-Sep-21,Andhra Pradesh,4-Wheelers,39,7952
1-Sep-21,Bihar,4-Wheelers,4,4339
1-Sep-21,Chandigarh,4-Wheelers,20,1607
1-Sep-21,Chhattisgarh,4-Wheelers,12,3650
1-Sep-21,Delhi,4-Wheelers,265,9181
1-Sep-21,Goa,4-Wheelers,34,1277
1-Sep-21,Gujarat,4-Wheelers,131,24797
1-Sep-21,Haryana,4-Wheelers,7,14879
1-Sep-21,Jharkhand,4-Wheelers,12,3892
1-Sep-21,Karnataka,4-Wheelers,227,21407
1-Sep-21,Kerala,4-Wheelers,164,22063
1-Sep-21,Madhya Pradesh,4-Wheelers,23,11756
1-Sep-21,Maharashtra,4-Wheelers,148,27900
1-Sep-21,Odisha,4-Wheelers,2,4865
1-Sep-21,Puducherry,4-Wheelers,2,640
1-Sep-21,Punjab,4-Wheelers,3,7521
1-Sep-21,Rajasthan,4-Wheelers,69,11035
1-Sep-21,Tamil Nadu,4-Wheelers,107,18823
1-Sep-21,Uttar Pradesh,4-Wheelers,4,23510
1-Sep-21,Uttarakhand,4-Wheelers,10,3171
1-Sep-21,West Bengal,4-Wheelers,34,9437
1-Oct-21,Andhra Pradesh,4-Wheelers,37,7366
1-Oct-21,Bihar,4-Wheelers,7,5838
1-Oct-21,Chandigarh,4-Wheelers,12,1816
1-Oct-21,Chhattisgarh,4-Wheelers,11,5255
1-Oct-21,Delhi,4-Wheelers,253,12876
1-Oct-21,Goa,4-Wheelers,28,1165
1-Oct-21,Gujarat,4-Wheelers,104,23184
1-Oct-21,Haryana,4-Wheelers,8,11634
1-Oct-21,Jammu and Kashmir,4-Wheelers,2,4205
1-Oct-21,Jharkhand,4-Wheelers,5,4806
1-Oct-21,Karnataka,4-Wheelers,163,18505
1-Oct-21,Kerala,4-Wheelers,158,14562
1-Oct-21,Madhya Pradesh,4-Wheelers,20,9554
1-Oct-21,Maharashtra,4-Wheelers,298,33771
1-Oct-21,Odisha,4-Wheelers,2,5830
1-Oct-21,Punjab,4-Wheelers,5,8523
1-Oct-21,Rajasthan,4-Wheelers,86,12823
1-Oct-21,Tamil Nadu,4-Wheelers,119,14796
1-Oct-21,Uttar Pradesh,4-Wheelers,10,23095
1-Oct-21,Uttarakhand,4-Wheelers,13,3523
1-Oct-21,West Bengal,4-Wheelers,33,7120
1-Nov-21,Andhra Pradesh,4-Wheelers,34,7374
1-Nov-21,Bihar,4-Wheelers,11,6992
1-Nov-21,Chandigarh,4-Wheelers,16,1919
1-Nov-21,Chhattisgarh,4-Wheelers,14,4824
1-Nov-21,Delhi,4-Wheelers,185,11782
1-Nov-21,Goa,4-Wheelers,20,1293
1-Nov-21,Gujarat,4-Wheelers,121,22396
1-Nov-21,Haryana,4-Wheelers,13,16035
1-Nov-21,Jharkhand,4-Wheelers,8,5320
1-Nov-21,Karnataka,4-Wheelers,153,17247
1-Nov-21,Kerala,4-Wheelers,214,15244
1-Nov-21,Madhya Pradesh,4-Wheelers,31,12871
1-Nov-21,Maharashtra,4-Wheelers,515,28322
1-Nov-21,Odisha,4-Wheelers,18,5095
1-Nov-21,Punjab,4-Wheelers,3,9015
1-Nov-21,Rajasthan,4-Wheelers,79,16115
1-Nov-21,Tamil Nadu,4-Wheelers,108,15533
1-Nov-21,Uttar Pradesh,4-Wheelers,10,29608
1-Nov-21,Uttarakhand,4-Wheelers,12,3954
1-Nov-21,West Bengal,4-Wheelers,59,8836
1-Dec-21,Andhra Pradesh,4-Wheelers,31,6314
1-Dec-21,Assam,4-Wheelers,3,6737
1-Dec-21,Bihar,4-Wheelers,7,5031
1-Dec-21,Chandigarh,4-Wheelers,12,1985
1-Dec-21,Chhattisgarh,4-Wheelers,5,3651
1-Dec-21,Delhi,4-Wheelers,277,12633
1-Dec-21,Goa,4-Wheelers,19,1306
1-Dec-21,Gujarat,4-Wheelers,163,24277
1-Dec-21,Haryana,4-Wheelers,11,16015
1-Dec-21,Jharkhand,4-Wheelers,3,4258
1-Dec-21,Karnataka,4-Wheelers,153,16243
1-Dec-21,Kerala,4-Wheelers,186,16994
1-Dec-21,Madhya Pradesh,4-Wheelers,30,11820
1-Dec-21,Maharashtra,4-Wheelers,1392,29346
1-Dec-21,Odisha,4-Wheelers,20,4634
1-Dec-21,Puducherry,4-Wheelers,2,608
1-Dec-21,Punjab,4-Wheelers,6,10624
1-Dec-21,Rajasthan,4-Wheelers,73,12739
1-Dec-21,Tamil Nadu,4-Wheelers,121,17001
1-Dec-21,Uttar Pradesh,4-Wheelers,21,33774
1-Dec-21,Uttarakhand,4-Wheelers,38,4270
1-Dec-21,West Bengal,4-Wheelers,39,8452
1-Jan-22,Andhra Pradesh,4-Wheelers,29,8418
1-Jan-22,Bihar,4-Wheelers,10,5538
1-Jan-22,Chandigarh,4-Wheelers,7,1519
1-Jan-22,Chhattisgarh,4-Wheelers,11,4667
1-Jan-22,Delhi,4-Wheelers,282,13659
1-Jan-22,Goa,4-Wheelers,26,1185
1-Jan-22,Gujarat,4-Wheelers,97,21963
1-Jan-22,Haryana,4-Wheelers,26,17633
1-Jan-22,Himachal Pradesh,4-Wheelers,3,3090
1-Jan-22,Jharkhand,4-Wheelers,5,4345
1-Jan-22,Karnataka,4-Wheelers,209,21967
1-Jan-22,Kerala,4-Wheelers,212,17441
1-Jan-22,Madhya Pradesh,4-Wheelers,25,11325
1-Jan-22,Maharashtra,4-Wheelers,263,35772
1-Jan-22,Odisha,4-Wheelers,27,5876
1-Jan-22,Punjab,4-Wheelers,7,9792
1-Jan-22,Rajasthan,4-Wheelers,92,13658
1-Jan-22,Tamil Nadu,4-Wheelers,121,20494
1-Jan-22,Uttar Pradesh,4-Wheelers,14,32561
1-Jan-22,Uttarakhand,4-Wheelers,30,4241
1-Jan-22,West Bengal,4-Wheelers,54,7968
1-Feb-22,Andhra Pradesh,4-Wheelers,43,6361
1-Feb-22,Assam,4-Wheelers,3,6152
1-Feb-22,Bihar,4-Wheelers,8,5658
1-Feb-22,Chandigarh,4-Wheelers,11,1941
1-Feb-22,Chhattisgarh,4-Wheelers,20,3922
1-Feb-22,Delhi,4-Wheelers,298,12608
1-Feb-22,Goa,4-Wheelers,62,1160
1-Feb-22,Gujarat,4-Wheelers,128,24012
1-Feb-22,Haryana,4-Wheelers,28,16353
1-Feb-22,Himachal Pradesh,4-Wheelers,5,3616
1-Feb-22,Jammu and Kashmir,4-Wheelers,7,4679
1-Feb-22,Jharkhand,4-Wheelers,4,4335
1-Feb-22,Karnataka,4-Wheelers,202,17561
1-Feb-22,Kerala,4-Wheelers,327,14575
1-Feb-22,Madhya Pradesh,4-Wheelers,22,11274
1-Feb-22,Maharashtra,4-Wheelers,905,31805
1-Feb-22,Odisha,4-Wheelers,27,5023
1-Feb-22,Punjab,4-Wheelers,5,9464
1-Feb-22,Rajasthan,4-Wheelers,116,14811
1-Feb-22,Tamil Nadu,4-Wheelers,135,16711
1-Feb-22,Uttar Pradesh,4-Wheelers,22,28479
1-Feb-22,Uttarakhand,4-Wheelers,24,3820
1-Feb-22,West Bengal,4-Wheelers,45,7395
1-Mar-22,Andaman & Nicobar Island,4-Wheelers,2,108
1-Mar-22,Andhra Pradesh,4-Wheelers,55,7288
1-Mar-22,Assam,4-Wheelers,2,7281
1-Mar-22,Bihar,4-Wheelers,12,6694
1-Mar-22,Chandigarh,4-Wheelers,14,2279
1-Mar-22,Chhattisgarh,4-Wheelers,19,4200
1-Mar-22,Delhi,4-Wheelers,220,13385
1-Mar-22,Goa,4-Wheelers,91,1474
1-Mar-22,Gujarat,4-Wheelers,249,26077
1-Mar-22,Haryana,4-Wheelers,13,18621
1-Mar-22,Himachal Pradesh,4-Wheelers,3,3371
1-Mar-22,Jammu and Kashmir,4-Wheelers,4,4854
1-Mar-22,Jharkhand,4-Wheelers,5,5062
1-Mar-22,Karnataka,4-Wheelers,230,22167
1-Mar-22,Kerala,4-Wheelers,331,16628
1-Mar-22,Madhya Pradesh,4-Wheelers,35,11616
1-Mar-22,Maharashtra,4-Wheelers,2060,39762
1-Mar-22,Odisha,4-Wheelers,31,6098
1-Mar-22,Puducherry,4-Wheelers,3,817
1-Mar-22,Punjab,4-Wheelers,4,10836
1-Mar-22,Rajasthan,4-Wheelers,89,13751
1-Mar-22,Tamil Nadu,4-Wheelers,168,20604
1-Mar-22,Uttar Pradesh,4-Wheelers,18,29324
1-Mar-22,Uttarakhand,4-Wheelers,20,4026
1-Mar-22,West Bengal,4-Wheelers,41,8539
1-Apr-22,Andhra Pradesh,4-Wheelers,54,7195
1-Apr-22,Assam,4-Wheelers,2,6354
1-Apr-22,Bihar,4-Wheelers,8,5981
1-Apr-22,Chandigarh,4-Wheelers,12,2167
1-Apr-22,Chhattisgarh,4-Wheelers,20,4861
1-Apr-22,Delhi,4-Wheelers,566,15811
1-Apr-22,Goa,4-Wheelers,31,1390
1-Apr-22,Gujarat,4-Wheelers,171,26534
1-Apr-22,Haryana,4-Wheelers,11,16721
1-Apr-22,Himachal Pradesh,4-Wheelers,4,3140
1-Apr-22,Jammu and Kashmir,4-Wheelers,3,4468
1-Apr-22,Jharkhand,4-Wheelers,9,4564
1-Apr-22,Karnataka,4-Wheelers,311,24129
1-Apr-22,Kerala,4-Wheelers,275,16142
1-Apr-22,Madhya Pradesh,4-Wheelers,37,11896
1-Apr-22,Maharashtra,4-Wheelers,354,32449
1-Apr-22,Odisha,4-Wheelers,31,5448
1-Apr-22,Puducherry,4-Wheelers,2,702
1-Apr-22,Punjab,4-Wheelers,3,10147
1-Apr-22,Rajasthan,4-Wheelers,87,15176
1-Apr-22,Tamil Nadu,4-Wheelers,154,17499
1-Apr-22,Uttar Pradesh,4-Wheelers,11,32173
1-Apr-22,Uttarakhand,4-Wheelers,49,4116
1-Apr-22,West Bengal,4-Wheelers,40,8560
1-May-22,Andhra Pradesh,4-Wheelers,59,6927
1-May-22,Assam,4-Wheelers,7,6761
1-May-22,Bihar,4-Wheelers,12,6495
1-May-22,Chandigarh,4-Wheelers,20,2248
1-May-22,Chhattisgarh,4-Wheelers,24,4397
1-May-22,Delhi,4-Wheelers,750,15194
1-May-22,Goa,4-Wheelers,51,1360
1-May-22,Gujarat,4-Wheelers,163,23174
1-May-22,Haryana,4-Wheelers,31,18343
1-May-22,Himachal Pradesh,4-Wheelers,3,3778
1-May-22,Jammu and Kashmir,4-Wheelers,2,4775
1-May-22,Jharkhand,4-Wheelers,3,4306
1-May-22,Karnataka,4-Wheelers,241,20924
1-May-22,Kerala,4-Wheelers,258,15706
1-May-22,Madhya Pradesh,4-Wheelers,43,14017
1-May-22,Maharashtra,4-Wheelers,794,34222
1-May-22,Meghalaya,4-Wheelers,3,1051
1-May-22,Odisha,4-Wheelers,40,5583
1-May-22,Puducherry,4-Wheelers,2,726
1-May-22,Punjab,4-Wheelers,2,9843
1-May-22,Rajasthan,4-Wheelers,124,17047
1-May-22,Tamil Nadu,4-Wheelers,202,19368
1-May-22,Uttar Pradesh,4-Wheelers,26,30695
1-May-22,Uttarakhand,4-Wheelers,22,3948
1-May-22,West Bengal,4-Wheelers,76,8341
1-Jun-22,Andhra Pradesh,4-Wheelers,47,6652
1-Jun-22,Assam,4-Wheelers,9,5825
1-Jun-22,Bihar,4-Wheelers,16,5543
1-Jun-22,Chandigarh,4-Wheelers,19,1993
1-Jun-22,Chhattisgarh,4-Wheelers,32,3933
1-Jun-22,DNH and DD,4-Wheelers,4,369
1-Jun-22,Delhi,4-Wheelers,267,14908
1-Jun-22,Goa,4-Wheelers,74,1342
1-Jun-22,Gujarat,4-Wheelers,337,26192
1-Jun-22,Haryana,4-Wheelers,26,17365
1-Jun-22,Himachal Pradesh,4-Wheelers,2,3457
1-Jun-22,Jammu and Kashmir,4-Wheelers,4,4239
1-Jun-22,Jharkhand,4-Wheelers,19,4097
1-Jun-22,Karnataka,4-Wheelers,359,22817
1-Jun-22,Kerala,4-Wheelers,345,16486
1-Jun-22,Madhya Pradesh,4-Wheelers,42,12480
1-Jun-22,Maharashtra,4-Wheelers,1082,35587
1-Jun-22,Odisha,4-Wheelers,32,5778
1-Jun-22,Puducherry,4-Wheelers,9,808
1-Jun-22,Punjab,4-Wheelers,3,9388
1-Jun-22,Rajasthan,4-Wheelers,136,13559
1-Jun-22,Tamil Nadu,4-Wheelers,199,20592
1-Jun-22,Uttar Pradesh,4-Wheelers,17,27820
1-Jun-22,Uttarakhand,4-Wheelers,38,3959
1-Jun-22,West Bengal,4-Wheelers,91,8407
1-Jul-22,Andhra Pradesh,4-Wheelers,63,6757
1-Jul-22,Assam,4-Wheelers,11,6769
1-Jul-22,Bihar,4-Wheelers,10,5215
1-Jul-22,Chandigarh,4-Wheelers,21,2709
1-Jul-22,Chhattisgarh,4-Wheelers,29,4394
1-Jul-22,Delhi,4-Wheelers,438,16056
1-Jul-22,Goa,4-Wheelers,107,1545
1-Jul-22,Gujarat,4-Wheelers,308,24735
1-Jul-22,Haryana,4-Wheelers,135,17539
1-Jul-22,Himachal Pradesh,4-Wheelers,6,3618
1-Jul-22,Jammu and Kashmir,4-Wheelers,9,4577
1-Jul-22,Jharkhand,4-Wheelers,7,4187
1-Jul-22,Karnataka,4-Wheelers,358,19322
1-Jul-22,Kerala,4-Wheelers,292,14993
1-Jul-22,Madhya Pradesh,4-Wheelers,45,11437
1-Jul-22,Maharashtra,4-Wheelers,1098,35100
1-Jul-22,Meghalaya,4-Wheelers,2,1053
1-Jul-22,Odisha,4-Wheelers,29,5336
1-Jul-22,Puducherry,4-Wheelers,5,681
1-Jul-22,Punjab,4-Wheelers,7,9415
1-Jul-22,Rajasthan,4-Wheelers,102,12817
1-Jul-22,Tamil Nadu,4-Wheelers,176,17830
1-Jul-22,Uttar Pradesh,4-Wheelers,19,27276
1-Jul-22,Uttarakhand,4-Wheelers,34,3820
1-Jul-22,West Bengal,4-Wheelers,93,8312
1-Aug-22,Andhra Pradesh,4-Wheelers,64,7491
1-Aug-22,Assam,4-Wheelers,10,6733
1-Aug-22,Bihar,4-Wheelers,15,5012
1-Aug-22,Chandigarh,4-Wheelers,19,1903
1-Aug-22,Chhattisgarh,4-Wheelers,35,3974
1-Aug-22,Delhi,4-Wheelers,443,16315
1-Aug-22,Goa,4-Wheelers,44,2364
1-Aug-22,Gujarat,4-Wheelers,230,23571
1-Aug-22,Haryana,4-Wheelers,163,18545
1-Aug-22,Himachal Pradesh,4-Wheelers,2,3517
1-Aug-22,Jammu and Kashmir,4-Wheelers,3,4299
1-Aug-22,Jharkhand,4-Wheelers,15,4040
1-Aug-22,Karnataka,4-Wheelers,363,23924
1-Aug-22,Kerala,4-Wheelers,342,21051
1-Aug-22,Ladakh,4-Wheelers,9,269
1-Aug-22,Madhya Pradesh,4-Wheelers,72,15953
1-Aug-22,Maharashtra,4-Wheelers,992,40173
1-Aug-22,Odisha,4-Wheelers,43,5716
1-Aug-22,Puducherry,4-Wheelers,4,758
1-Aug-22,Punjab,4-Wheelers,3,9913
1-Aug-22,Rajasthan,4-Wheelers,145,12578
1-Aug-22,Tamil Nadu,4-Wheelers,182,20944
1-Aug-22,Uttar Pradesh,4-Wheelers,15,25778
1-Aug-22,Uttarakhand,4-Wheelers,34,3599
1-Aug-22,West Bengal,4-Wheelers,110,9228
1-Sep-22,Andhra Pradesh,4-Wheelers,61,8003
1-Sep-22,Assam,4-Wheelers,13,8690
1-Sep-22,Bihar,4-Wheelers,14,5315
1-Sep-22,Chandigarh,4-Wheelers,26,2119
1-Sep-22,Chhattisgarh,4-Wheelers,50,3978
1-Sep-22,Delhi,4-Wheelers,471,14076
1-Sep-22,Goa,4-Wheelers,42,1687
1-Sep-22,Gujarat,4-Wheelers,299,25102
1-Sep-22,Haryana,4-Wheelers,49,14140
1-Sep-22,Himachal Pradesh,4-Wheelers,4,2815
1-Sep-22,Jammu and Kashmir,4-Wheelers,4,4432
1-Sep-22,Jharkhand,4-Wheelers,31,4183
1-Sep-22,Karnataka,4-Wheelers,493,25136
1-Sep-22,Kerala,4-Wheelers,397,19551
1-Sep-22,Madhya Pradesh,4-Wheelers,61,11080
1-Sep-22,Maharashtra,4-Wheelers,939,33643
1-Sep-22,Meghalaya,4-Wheelers,2,1047
1-Sep-22,Odisha,4-Wheelers,40,5941
1-Sep-22,Puducherry,4-Wheelers,2,858
1-Sep-22,Punjab,4-Wheelers,4,8968
1-Sep-22,Rajasthan,4-Wheelers,150,12513
1-Sep-22,Tamil Nadu,4-Wheelers,218,21233
1-Sep-22,Uttar Pradesh,4-Wheelers,23,22777
1-Sep-22,Uttarakhand,4-Wheelers,29,3066
1-Sep-22,West Bengal,4-Wheelers,123,11473
1-Oct-22,Andhra Pradesh,4-Wheelers,57,8075
1-Oct-22,Assam,4-Wheelers,11,7529
1-Oct-22,Bihar,4-Wheelers,19,7888
1-Oct-22,Chandigarh,4-Wheelers,16,2422
1-Oct-22,Chhattisgarh,4-Wheelers,51,7365
1-Oct-22,DNH and DD,4-Wheelers,2,432
1-Oct-22,Delhi,4-Wheelers,633,18613
1-Oct-22,Goa,4-Wheelers,40,2230
1-Oct-22,Gujarat,4-Wheelers,189,31456
1-Oct-22,Haryana,4-Wheelers,39,21475
1-Oct-22,Himachal Pradesh,4-Wheelers,2,3447
1-Oct-22,Jammu and Kashmir,4-Wheelers,8,4556
1-Oct-22,Jharkhand,4-Wheelers,22,6208
1-Oct-22,Karnataka,4-Wheelers,563,26091
1-Oct-22,Kerala,4-Wheelers,419,16857
1-Oct-22,Madhya Pradesh,4-Wheelers,63,22052
1-Oct-22,Maharashtra,4-Wheelers,1174,51561
1-Oct-22,Odisha,4-Wheelers,43,6848
1-Oct-22,Puducherry,4-Wheelers,4,754
1-Oct-22,Punjab,4-Wheelers,3,10552
1-Oct-22,Rajasthan,4-Wheelers,204,22678
1-Oct-22,Tamil Nadu,4-Wheelers,184,18425
1-Oct-22,Uttar Pradesh,4-Wheelers,21,42577
1-Oct-22,Uttarakhand,4-Wheelers,50,5163
1-Oct-22,West Bengal,4-Wheelers,94,6483
1-Nov-22,Andhra Pradesh,4-Wheelers,95,6272
1-Nov-22,Assam,4-Wheelers,10,7676
1-Nov-22,Bihar,4-Wheelers,6,6295
1-Nov-22,Chandigarh,4-Wheelers,61,2279
1-Nov-22,Chhattisgarh,4-Wheelers,33,3846
1-Nov-22,DNH and DD,4-Wheelers,2,455
1-Nov-22,Delhi,4-Wheelers,483,15949
1-Nov-22,Goa,4-Wheelers,26,1797
1-Nov-22,Gujarat,4-Wheelers,374,36212
1-Nov-22,Haryana,4-Wheelers,133,21202
1-Nov-22,Himachal Pradesh,4-Wheelers,2,5135
1-Nov-22,Jharkhand,4-Wheelers,15,4657
1-Nov-22,Karnataka,4-Wheelers,564,23618
1-Nov-22,Kerala,4-Wheelers,325,15267
1-Nov-22,Madhya Pradesh,4-Wheelers,54,10575
1-Nov-22,Maharashtra,4-Wheelers,1144,35215
1-Nov-22,Odisha,4-Wheelers,53,5833
1-Nov-22,Puducherry,4-Wheelers,9,782
1-Nov-22,Rajasthan,4-Wheelers,113,15252
1-Nov-22,Tamil Nadu,4-Wheelers,311,20180
1-Nov-22,Uttar Pradesh,4-Wheelers,11,31886
1-Nov-22,Uttarakhand,4-Wheelers,31,5199
1-Nov-22,West Bengal,4-Wheelers,121,10465
1-Dec-22,Andaman & Nicobar Island,4-Wheelers,3,229
1-Dec-22,Andhra Pradesh,4-Wheelers,120,6769
1-Dec-22,Assam,4-Wheelers,4,8441
1-Dec-22,Bihar,4-Wheelers,5,4752
1-Dec-22,Chandigarh,4-Wheelers,46,2261
1-Dec-22,Chhattisgarh,4-Wheelers,40,3887
1-Dec-22,DNH and DD,4-Wheelers,2,365
1-Dec-22,Delhi,4-Wheelers,791,15492
1-Dec-22,Goa,4-Wheelers,30,1744
1-Dec-22,Gujarat,4-Wheelers,260,27614
1-Dec-22,Haryana,4-Wheelers,177,18223
1-Dec-22,Himachal Pradesh,4-Wheelers,7,4026
1-Dec-22,Jammu and Kashmir,4-Wheelers,4,5304
1-Dec-22,Jharkhand,4-Wheelers,22,3979
1-Dec-22,Karnataka,4-Wheelers,438,22142
1-Dec-22,Kerala,4-Wheelers,298,16601
1-Dec-22,Madhya Pradesh,4-Wheelers,35,11124
1-Dec-22,Maharashtra,4-Wheelers,887,32422
1-Dec-22,Odisha,4-Wheelers,42,6616
1-Dec-22,Puducherry,4-Wheelers,4,690
1-Dec-22,Rajasthan,4-Wheelers,110,12634
1-Dec-22,Tamil Nadu,4-Wheelers,406,20201
1-Dec-22,Uttar Pradesh,4-Wheelers,13,27230
1-Dec-22,Uttarakhand,4-Wheelers,24,3881
1-Dec-22,West Bengal,4-Wheelers,65,8047
1-Jan-23,Andhra Pradesh,4-Wheelers,121,10775
1-Jan-23,Assam,4-Wheelers,5,7240
1-Jan-23,Bihar,4-Wheelers,19,6600
1-Jan-23,Chandigarh,4-Wheelers,50,2500
1-Jan-23,Chhattisgarh,4-Wheelers,56,4880
1-Jan-23,Delhi,4-Wheelers,331,17993
1-Jan-23,Goa,4-Wheelers,44,1888
1-Jan-23,Gujarat,4-Wheelers,212,25859
1-Jan-23,Haryana,4-Wheelers,141,25164
1-Jan-23,Himachal Pradesh,4-Wheelers,5,4192
1-Jan-23,Jammu and Kashmir,4-Wheelers,4,4245
1-Jan-23,Jharkhand,4-Wheelers,41,5016
1-Jan-23,Karnataka,4-Wheelers,587,26011
1-Jan-23,Kerala,4-Wheelers,344,17267
1-Jan-23,Madhya Pradesh,4-Wheelers,69,17945
1-Jan-23,Maharashtra,4-Wheelers,827,44349
1-Jan-23,Manipur,4-Wheelers,3,892
1-Jan-23,Odisha,4-Wheelers,51,6278
1-Jan-23,Puducherry,4-Wheelers,3,1004
1-Jan-23,Rajasthan,4-Wheelers,155,18017
1-Jan-23,Tamil Nadu,4-Wheelers,202,24430
1-Jan-23,Uttar Pradesh,4-Wheelers,26,41439
1-Jan-23,Uttarakhand,4-Wheelers,16,5040
1-Jan-23,West Bengal,4-Wheelers,124,9141
1-Feb-23,Andhra Pradesh,4-Wheelers,116,6628
1-Feb-23,Assam,4-Wheelers,13,7029
1-Feb-23,Bihar,4-Wheelers,46,6117
1-Feb-23,Chandigarh,4-Wheelers,59,2061
1-Feb-23,Chhattisgarh,4-Wheelers,73,4196
1-Feb-23,DNH and DD,4-Wheelers,3,411
1-Feb-23,Delhi,4-Wheelers,510,14823
1-Feb-23,Goa,4-Wheelers,83,1760
1-Feb-23,Gujarat,4-Wheelers,271,28856
1-Feb-23,Haryana,4-Wheelers,175,19656
1-Feb-23,Himachal Pradesh,4-Wheelers,21,3952
1-Feb-23,Jammu and Kashmir,4-Wheelers,8,4449
1-Feb-23,Jharkhand,4-Wheelers,33,4234
1-Feb-23,Karnataka,4-Wheelers,616,21837
1-Feb-23,Kerala,4-Wheelers,662,14603
1-Feb-23,Madhya Pradesh,4-Wheelers,144,17295
1-Feb-23,Maharashtra,4-Wheelers,1012,30727
1-Feb-23,Manipur,4-Wheelers,5,756
1-Feb-23,Odisha,4-Wheelers,60,5397
1-Feb-23,Puducherry,4-Wheelers,3,703
1-Feb-23,Punjab,4-Wheelers,18,11765
1-Feb-23,Rajasthan,4-Wheelers,293,15819
1-Feb-23,Tamil Nadu,4-Wheelers,307,18758
1-Feb-23,Uttar Pradesh,4-Wheelers,60,32464
1-Feb-23,Uttarakhand,4-Wheelers,23,3985
1-Feb-23,West Bengal,4-Wheelers,142,8054
1-Mar-23,Andhra Pradesh,4-Wheelers,173,7764
1-Mar-23,Assam,4-Wheelers,20,8324
1-Mar-23,Bihar,4-Wheelers,47,6322
1-Mar-23,Chandigarh,4-Wheelers,131,2589
1-Mar-23,Chhattisgarh,4-Wheelers,95,5119
1-Mar-23,DNH and DD,4-Wheelers,2,485
1-Mar-23,Delhi,4-Wheelers,1544,18638
1-Mar-23,Goa,4-Wheelers,112,2439
1-Mar-23,Gujarat,4-Wheelers,498,26082
1-Mar-23,Haryana,4-Wheelers,477,21547
1-Mar-23,Himachal Pradesh,4-Wheelers,7,3574
1-Mar-23,Jammu and Kashmir,4-Wheelers,17,5388
1-Mar-23,Jharkhand,4-Wheelers,52,4670
1-Mar-23,Karnataka,4-Wheelers,1062,28169
1-Mar-23,Kerala,4-Wheelers,1107,24727
1-Mar-23,Madhya Pradesh,4-Wheelers,159,14745
1-Mar-23,Maharashtra,4-Wheelers,1389,42854
1-Mar-23,Odisha,4-Wheelers,74,6358
1-Mar-23,Puducherry,4-Wheelers,4,999
1-Mar-23,Punjab,4-Wheelers,13,12430
1-Mar-23,Rajasthan,4-Wheelers,425,18370
1-Mar-23,Tamil Nadu,4-Wheelers,571,22131
1-Mar-23,Tripura,4-Wheelers,9,329
1-Mar-23,Uttar Pradesh,4-Wheelers,431,34186
1-Mar-23,Uttarakhand,4-Wheelers,48,4596
1-Mar-23,West Bengal,4-Wheelers,352,8955
1-Apr-23,Andhra Pradesh,4-Wheelers,225,7229
1-Apr-23,Assam,4-Wheelers,20,7022
1-Apr-23,Bihar,4-Wheelers,40,5840
1-Apr-23,Chandigarh,4-Wheelers,62,2482
1-Apr-23,Chhattisgarh,4-Wheelers,93,5558
1-Apr-23,Delhi,4-Wheelers,551,14861
1-Apr-23,Goa,4-Wheelers,57,1633
1-Apr-23,Gujarat,4-Wheelers,537,28451
1-Apr-23,Haryana,4-Wheelers,363,21914
1-Apr-23,Himachal Pradesh,4-Wheelers,9,3880
1-Apr-23,Jammu and Kashmir,4-Wheelers,4,3728
1-Apr-23,Jharkhand,4-Wheelers,39,4281
1-Apr-23,Karnataka,4-Wheelers,762,22368
1-Apr-23,Kerala,4-Wheelers,637,9171
1-Apr-23,Madhya Pradesh,4-Wheelers,95,10894
1-Apr-23,Maharashtra,4-Wheelers,1139,35336
1-Apr-23,Meghalaya,4-Wheelers,2,1094
1-Apr-23,Odisha,4-Wheelers,84,5315
1-Apr-23,Puducherry,4-Wheelers,5,735
1-Apr-23,Punjab,4-Wheelers,22,9734
1-Apr-23,Rajasthan,4-Wheelers,291,14377
1-Apr-23,Tamil Nadu,4-Wheelers,399,18659
1-Apr-23,Uttar Pradesh,4-Wheelers,364,32143
1-Apr-23,Uttarakhand,4-Wheelers,47,4887
1-Apr-23,West Bengal,4-Wheelers,152,7999
1-May-23,Andhra Pradesh,4-Wheelers,216,8095
1-May-23,Assam,4-Wheelers,30,6994
1-May-23,Bihar,4-Wheelers,46,6865
1-May-23,Chandigarh,4-Wheelers,83,2556
1-May-23,Chhattisgarh,4-Wheelers,185,3785
1-May-23,DNH and DD,4-Wheelers,4,416
1-May-23,Delhi,4-Wheelers,787,16609
1-May-23,Goa,4-Wheelers,85,1878
1-May-23,Gujarat,4-Wheelers,710,25770
1-May-23,Haryana,4-Wheelers,211,21218
1-May-23,Himachal Pradesh,4-Wheelers,21,3565
1-May-23,Jammu and Kashmir,4-Wheelers,14,5095
1-May-23,Jharkhand,4-Wheelers,37,4755
1-May-23,Karnataka,4-Wheelers,999,22601
1-May-23,Kerala,4-Wheelers,954,14819
1-May-23,Madhya Pradesh,4-Wheelers,136,12488
1-May-23,Maharashtra,4-Wheelers,1137,35179
1-May-23,Manipur,4-Wheelers,4,119
1-May-23,Meghalaya,4-Wheelers,2,1027
1-May-23,Odisha,4-Wheelers,105,5951
1-May-23,Puducherry,4-Wheelers,6,943
1-May-23,Punjab,4-Wheelers,63,11047
1-May-23,Rajasthan,4-Wheelers,419,16157
1-May-23,Tamil Nadu,4-Wheelers,529,20789
1-May-23,Tripura,4-Wheelers,2,436
1-May-23,Uttar Pradesh,4-Wheelers,472,34515
1-May-23,Uttarakhand,4-Wheelers,61,4675
1-May-23,West Bengal,4-Wheelers,322,8672
1-Jun-23,Andhra Pradesh,4-Wheelers,156,6611
1-Jun-23,Assam,4-Wheelers,28,6751
1-Jun-23,Bihar,4-Wheelers,52,6134
1-Jun-23,Chandigarh,4-Wheelers,77,2597
1-Jun-23,Chhattisgarh,4-Wheelers,114,3650
1-Jun-23,Delhi,4-Wheelers,935,15723
1-Jun-23,Goa,4-Wheelers,75,1699
1-Jun-23,Gujarat,4-Wheelers,698,24829
1-Jun-23,Haryana,4-Wheelers,263,21135
1-Jun-23,Himachal Pradesh,4-Wheelers,19,3448
1-Jun-23,Jammu and Kashmir,4-Wheelers,18,4437
1-Jun-23,Jharkhand,4-Wheelers,48,4320
1-Jun-23,Karnataka,4-Wheelers,1142,24603
1-Jun-23,Kerala,4-Wheelers,885,14389
1-Jun-23,Madhya Pradesh,4-Wheelers,107,10927
1-Jun-23,Maharashtra,4-Wheelers,1360,36069
1-Jun-23,Meghalaya,4-Wheelers,2,950
1-Jun-23,Odisha,4-Wheelers,89,5873
1-Jun-23,Puducherry,4-Wheelers,8,910
1-Jun-23,Punjab,4-Wheelers,76,10547
1-Jun-23,Rajasthan,4-Wheelers,380,15534
1-Jun-23,Tamil Nadu,4-Wheelers,572,22976
1-Jun-23,Tripura,4-Wheelers,2,375
1-Jun-23,Uttar Pradesh,4-Wheelers,393,30578
1-Jun-23,Uttarakhand,4-Wheelers,42,4393
1-Jun-23,West Bengal,4-Wheelers,247,8471
1-Jul-23,Andaman & Nicobar Island,4-Wheelers,3,163
1-Jul-23,Andhra Pradesh,4-Wheelers,157,6820
1-Jul-23,Arunachal Pradesh,4-Wheelers,2,1069
1-Jul-23,Assam,4-Wheelers,23,7381
1-Jul-23,Bihar,4-Wheelers,58,5189
1-Jul-23,Chandigarh,4-Wheelers,71,2326
1-Jul-23,Chhattisgarh,4-Wheelers,94,3346
1-Jul-23,DNH and DD,4-Wheelers,4,391
1-Jul-23,Delhi,4-Wheelers,831,15285
1-Jul-23,Goa,4-Wheelers,84,1739
1-Jul-23,Gujarat,4-Wheelers,692,27755
1-Jul-23,Haryana,4-Wheelers,92,11915
1-Jul-23,Himachal Pradesh,4-Wheelers,12,3956
1-Jul-23,Jammu and Kashmir,4-Wheelers,11,4435
1-Jul-23,Jharkhand,4-Wheelers,31,4010
1-Jul-23,Karnataka,4-Wheelers,1221,23154
1-Jul-23,Kerala,4-Wheelers,871,14002
1-Jul-23,Madhya Pradesh,4-Wheelers,138,10811
1-Jul-23,Maharashtra,4-Wheelers,1103,36082
1-Jul-23,Manipur,4-Wheelers,6,427
1-Jul-23,Meghalaya,4-Wheelers,3,1030
1-Jul-23,Odisha,4-Wheelers,134,5745
1-Jul-23,Puducherry,4-Wheelers,7,809
1-Jul-23,Punjab,4-Wheelers,92,10766
1-Jul-23,Rajasthan,4-Wheelers,405,14064
1-Jul-23,Tamil Nadu,4-Wheelers,630,20553
1-Jul-23,Tripura,4-Wheelers,2,578
1-Jul-23,Uttar Pradesh,4-Wheelers,420,29214
1-Jul-23,Uttarakhand,4-Wheelers,53,4216
1-Jul-23,West Bengal,4-Wheelers,179,8111
1-Aug-23,Andaman & Nicobar Island,4-Wheelers,3,183
1-Aug-23,Andhra Pradesh,4-Wheelers,104,7397
1-Aug-23,Arunachal Pradesh,4-Wheelers,4,1121
1-Aug-23,Assam,4-Wheelers,27,7557
1-Aug-23,Bihar,4-Wheelers,53,5334
1-Aug-23,Chandigarh,4-Wheelers,80,1937
1-Aug-23,Chhattisgarh,4-Wheelers,107,3859
1-Aug-23,Delhi,4-Wheelers,440,15852
1-Aug-23,Goa,4-Wheelers,98,2177
1-Aug-23,Gujarat,4-Wheelers,512,25572
1-Aug-23,Haryana,4-Wheelers,189,24414
1-Aug-23,Himachal Pradesh,4-Wheelers,11,3975
1-Aug-23,Jammu and Kashmir,4-Wheelers,15,4843
1-Aug-23,Jharkhand,4-Wheelers,52,4040
1-Aug-23,Karnataka,4-Wheelers,1196,28235
1-Aug-23,Kerala,4-Wheelers,736,18189
1-Aug-23,Madhya Pradesh,4-Wheelers,112,11479
1-Aug-23,Maharashtra,4-Wheelers,1070,40169
1-Aug-23,Manipur,4-Wheelers,6,458
1-Aug-23,Meghalaya,4-Wheelers,3,1215
1-Aug-23,Odisha,4-Wheelers,146,6282
1-Aug-23,Puducherry,4-Wheelers,14,955
1-Aug-23,Punjab,4-Wheelers,75,11493
1-Aug-23,Rajasthan,4-Wheelers,396,14786
1-Aug-23,Tamil Nadu,4-Wheelers,591,23537
1-Aug-23,Tripura,4-Wheelers,2,466
1-Aug-23,Uttar Pradesh,4-Wheelers,482,29829
1-Aug-23,Uttarakhand,4-Wheelers,50,4283
1-Aug-23,West Bengal,4-Wheelers,178,9101
1-Sep-23,Andhra Pradesh,4-Wheelers,59,7044
1-Sep-23,Arunachal Pradesh,4-Wheelers,4,1003
1-Sep-23,Assam,4-Wheelers,23,8078
1-Sep-23,Bihar,4-Wheelers,60,5210
1-Sep-23,Chandigarh,4-Wheelers,54,1491
1-Sep-23,Chhattisgarh,4-Wheelers,83,3993
1-Sep-23,DNH and DD,4-Wheelers,6,468
1-Sep-23,Delhi,4-Wheelers,380,15776
1-Sep-23,Goa,4-Wheelers,69,2801
1-Sep-23,Gujarat,4-Wheelers,633,36818
1-Sep-23,Haryana,4-Wheelers,92,24045
1-Sep-23,Himachal Pradesh,4-Wheelers,9,3683
1-Sep-23,Jammu and Kashmir,4-Wheelers,9,4430
1-Sep-23,Jharkhand,4-Wheelers,22,4600
1-Sep-23,Karnataka,4-Wheelers,942,24184
1-Sep-23,Kerala,4-Wheelers,773,21467
1-Sep-23,Madhya Pradesh,4-Wheelers,117,11748
1-Sep-23,Maharashtra,4-Wheelers,869,43063
1-Sep-23,Meghalaya,4-Wheelers,3,1139
1-Sep-23,Odisha,4-Wheelers,101,6354
1-Sep-23,Puducherry,4-Wheelers,10,912
1-Sep-23,Punjab,4-Wheelers,83,12368
1-Sep-23,Rajasthan,4-Wheelers,375,16356
1-Sep-23,Tamil Nadu,4-Wheelers,543,22461
1-Sep-23,Tripura,4-Wheelers,3,470
1-Sep-23,Uttar Pradesh,4-Wheelers,476,29087
1-Sep-23,Uttarakhand,4-Wheelers,30,4234
1-Sep-23,West Bengal,4-Wheelers,218,9011
1-Oct-23,Andhra Pradesh,4-Wheelers,68,7743
1-Oct-23,Arunachal Pradesh,4-Wheelers,2,1111
1-Oct-23,Assam,4-Wheelers,24,9481
1-Oct-23,Bihar,4-Wheelers,57,6068
1-Oct-23,Chandigarh,4-Wheelers,71,1722
1-Oct-23,Chhattisgarh,4-Wheelers,79,4920
1-Oct-23,DNH and DD,4-Wheelers,12,620
1-Oct-23,Delhi,4-Wheelers,519,16459
1-Oct-23,Goa,4-Wheelers,87,2094
1-Oct-23,Gujarat,4-Wheelers,670,42365
1-Oct-23,Haryana,4-Wheelers,220,20543
1-Oct-23,Himachal Pradesh,4-Wheelers,7,3066
1-Oct-23,Jammu and Kashmir,4-Wheelers,10,4603
1-Oct-23,Jharkhand,4-Wheelers,30,4837
1-Oct-23,Karnataka,4-Wheelers,1154,25652
1-Oct-23,Kerala,4-Wheelers,642,14522
1-Oct-23,Madhya Pradesh,4-Wheelers,112,13646
1-Oct-23,Maharashtra,4-Wheelers,1404,47126
1-Oct-23,Manipur,4-Wheelers,2,272
1-Oct-23,Odisha,4-Wheelers,130,8500
1-Oct-23,Puducherry,4-Wheelers,7,990
1-Oct-23,Punjab,4-Wheelers,94,11396
1-Oct-23,Rajasthan,4-Wheelers,464,18951
1-Oct-23,Tamil Nadu,4-Wheelers,556,28342
1-Oct-23,Tripura,4-Wheelers,3,497
1-Oct-23,Uttar Pradesh,4-Wheelers,512,33774
1-Oct-23,Uttarakhand,4-Wheelers,34,4562
1-Oct-23,West Bengal,4-Wheelers,238,9972
1-Nov-23,Andhra Pradesh,4-Wheelers,98,8220
1-Nov-23,Arunachal Pradesh,4-Wheelers,3,1226
1-Nov-23,Assam,4-Wheelers,26,7960
1-Nov-23,Bihar,4-Wheelers,50,9075
1-Nov-23,Chandigarh,4-Wheelers,88,1805
1-Nov-23,Chhattisgarh,4-Wheelers,99,5877
1-Nov-23,DNH and DD,4-Wheelers,3,590
1-Nov-23,Delhi,4-Wheelers,538,18675
1-Nov-23,Goa,4-Wheelers,97,2521
1-Nov-23,Gujarat,4-Wheelers,592,32601
1-Nov-23,Haryana,4-Wheelers,215,22002
1-Nov-23,Himachal Pradesh,4-Wheelers,15,4242
1-Nov-23,Jammu and Kashmir,4-Wheelers,18,4981
1-Nov-23,Jharkhand,4-Wheelers,40,6684
1-Nov-23,Karnataka,4-Wheelers,822,26232
1-Nov-23,Kerala,4-Wheelers,641,12551
1-Nov-23,Madhya Pradesh,4-Wheelers,137,17166
1-Nov-23,Maharashtra,4-Wheelers,1315,48131
1-Nov-23,Manipur,4-Wheelers,2,246
1-Nov-23,Meghalaya,4-Wheelers,2,1387
1-Nov-23,Odisha,4-Wheelers,177,7105
1-Nov-23,Puducherry,4-Wheelers,11,990
1-Nov-23,Punjab,4-Wheelers,128,12992
1-Nov-23,Rajasthan,4-Wheelers,539,24386
1-Nov-23,Tamil Nadu,4-Wheelers,599,19015
1-Nov-23,Tripura,4-Wheelers,2,657
1-Nov-23,Uttar Pradesh,4-Wheelers,446,42692
1-Nov-23,Uttarakhand,4-Wheelers,47,5398
1-Nov-23,West Bengal,4-Wheelers,290,9743
1-Dec-23,Andaman & Nicobar Island,4-Wheelers,2,175
1-Dec-23,Andhra Pradesh,4-Wheelers,130,7155
1-Dec-23,Arunachal Pradesh,4-Wheelers,2,1137
1-Dec-23,Assam,4-Wheelers,30,8111
1-Dec-23,Bihar,4-Wheelers,59,4788
1-Dec-23,Chandigarh,4-Wheelers,130,1496
1-Dec-23,Chhattisgarh,4-Wheelers,93,3575
1-Dec-23,DNH and DD,4-Wheelers,5,488
1-Dec-23,Delhi,4-Wheelers,811,16567
1-Dec-23,Goa,4-Wheelers,71,1859
1-Dec-23,Gujarat,4-Wheelers,548,26023
1-Dec-23,Haryana,4-Wheelers,218,23698
1-Dec-23,Himachal Pradesh,4-Wheelers,16,5710
1-Dec-23,Jammu and Kashmir,4-Wheelers,15,4531
1-Dec-23,Jharkhand,4-Wheelers,27,4375
1-Dec-23,Karnataka,4-Wheelers,1155,22859
1-Dec-23,Kerala,4-Wheelers,736,13811
1-Dec-23,Madhya Pradesh,4-Wheelers,134,9736
1-Dec-23,Maharashtra,4-Wheelers,1125,32212
1-Dec-23,Manipur,4-Wheelers,2,206
1-Dec-23,Odisha,4-Wheelers,186,7280
1-Dec-23,Puducherry,4-Wheelers,12,860
1-Dec-23,Punjab,4-Wheelers,116,13632
1-Dec-23,Rajasthan,4-Wheelers,348,13082
1-Dec-23,Tamil Nadu,4-Wheelers,520,19246
1-Dec-23,Tripura,4-Wheelers,4,489
1-Dec-23,Uttar Pradesh,4-Wheelers,498,29434
1-Dec-23,Uttarakhand,4-Wheelers,37,5430
1-Dec-23,West Bengal,4-Wheelers,160,8435
1-Jan-24,Uttar Pradesh,4-Wheelers,399,44334
1-Jan-24,Maharashtra,4-Wheelers,1289,50156
1-Jan-24,Karnataka,4-Wheelers,1080,30770
1-Jan-24,Tamil Nadu,4-Wheelers,626,28455
1-Jan-24,Bihar,4-Wheelers,58,6824
1-Jan-24,Kerala,4-Wheelers,734,164
1-Jan-24,Rajasthan,4-Wheelers,498,21747
1-Jan-24,Delhi,4-Wheelers,1345,21520
1-Jan-24,Madhya Pradesh,4-Wheelers,172,19326
1-Jan-24,Gujarat,4-Wheelers,494,33379
1-Jan-24,Odisha,4-Wheelers,150,7500
1-Jan-24,Assam,4-Wheelers,21,7242
1-Jan-24,Haryana,4-Wheelers,282,28776
1-Jan-24,Chhattisgarh,4-Wheelers,91,4946
1-Jan-24,West Bengal,4-Wheelers,184,10223
1-Jan-24,Punjab,4-Wheelers,105,15000
1-Jan-24,Andhra Pradesh,4-Wheelers,123,8483
1-Jan-24,Jharkhand,4-Wheelers,29,4678
1-Jan-24,Uttarakhand,4-Wheelers,49,5385
1-Jan-24,Jammu and Kashmir,4-Wheelers,10,5264
1-Jan-24,Goa,4-Wheelers,86,2331
1-Jan-24,Chandigarh,4-Wheelers,101,1624
1-Jan-24,Tripura,4-Wheelers,2,466
1-Jan-24,Puducherry,4-Wheelers,10,1250
1-Jan-24,Himachal Pradesh,4-Wheelers,13,4815
1-Jan-24,DNH and DD,4-Wheelers,3,527
1-Jan-24,Manipur,4-Wheelers,7,433
1-Jan-24,Arunachal Pradesh,4-Wheelers,5,1174
1-Feb-24,Uttar Pradesh,4-Wheelers,394,37170
1-Feb-24,Maharashtra,4-Wheelers,1227,36302
1-Feb-24,Karnataka,4-Wheelers,923,24812
1-Feb-24,Tamil Nadu,4-Wheelers,595,23063
1-Feb-24,Rajasthan,4-Wheelers,517,19149
1-Feb-24,Bihar,4-Wheelers,71,6762
1-Feb-24,Madhya Pradesh,4-Wheelers,146,18025
1-Feb-24,Kerala,4-Wheelers,684,12281
1-Feb-24,Gujarat,4-Wheelers,510,25758
1-Feb-24,Delhi,4-Wheelers,596,17898
1-Feb-24,Assam,4-Wheelers,24,6858
1-Feb-24,Odisha,4-Wheelers,203,6305
1-Feb-24,Chhattisgarh,4-Wheelers,99,4125
1-Feb-24,Punjab,4-Wheelers,111,14051
1-Feb-24,Andhra Pradesh,4-Wheelers,128,6125
1-Feb-24,Haryana,4-Wheelers,312,26000
1-Feb-24,West Bengal,4-Wheelers,185,8487
1-Feb-24,Jharkhand,4-Wheelers,42,4667
1-Feb-24,Uttarakhand,4-Wheelers,60,5826
1-Feb-24,Jammu and Kashmir,4-Wheelers,24,4211
1-Feb-24,Goa,4-Wheelers,99,1772
1-Feb-24,Tripura,4-Wheelers,5,538
1-Feb-24,Chandigarh,4-Wheelers,84,1321
1-Feb-24,Puducherry,4-Wheelers,16,1177
1-Feb-24,Himachal Pradesh,4-Wheelers,11,4584
1-Feb-24,Manipur,4-Wheelers,7,310
1-Feb-24,DNH and DD,4-Wheelers,5,444
1-Feb-24,Meghalaya,4-Wheelers,4,1261
1-Feb-24,Arunachal Pradesh,4-Wheelers,4,1184
1-Mar-24,Maharashtra,4-Wheelers,1079,36826
1-Mar-24,Uttar Pradesh,4-Wheelers,389,34425
1-Mar-24,Karnataka,4-Wheelers,1482,26751
1-Mar-24,Tamil Nadu,4-Wheelers,749,22095
1-Mar-24,Rajasthan,4-Wheelers,493,16942
1-Mar-24,Delhi,4-Wheelers,897,15905
1-Mar-24,Kerala,4-Wheelers,876,13861
1-Mar-24,Gujarat,4-Wheelers,661,25424
1-Mar-24,Bihar,4-Wheelers,99,6972
1-Mar-24,Madhya Pradesh,4-Wheelers,143,14743
1-Mar-24,Andhra Pradesh,4-Wheelers,366,7838
1-Mar-24,Assam,4-Wheelers,53,7465
1-Mar-24,Chhattisgarh,4-Wheelers,120,4348
1-Mar-24,Punjab,4-Wheelers,132,14348
1-Mar-24,West Bengal,4-Wheelers,495,8089
1-Mar-24,Haryana,4-Wheelers,305,23644
1-Mar-24,Jharkhand,4-Wheelers,52,4483
1-Mar-24,Goa,4-Wheelers,123,1730
1-Mar-24,Uttarakhand,4-Wheelers,51,4812
1-Mar-24,Jammu and Kashmir,4-Wheelers,18,4500
1-Mar-24,Tripura,4-Wheelers,3,556
1-Mar-24,Chandigarh,4-Wheelers,119,1294
1-Mar-24,Puducherry,4-Wheelers,5,1042
1-Mar-24,Meghalaya,4-Wheelers,3,1200
1-Mar-24,Himachal Pradesh,4-Wheelers,17,4147
1-Mar-24,DNH and DD,4-Wheelers,4,429
1-Mar-24,Manipur,4-Wheelers,2,370
1-Apr-21,Andhra Pradesh,2-Wheelers,436,63444
1-Apr-21,Assam,2-Wheelers,7,30344
1-Apr-21,Bihar,2-Wheelers,47,81056
1-Apr-21,Chandigarh,2-Wheelers,6,1200
1-Apr-21,Chhattisgarh,2-Wheelers,36,10274
1-Apr-21,Delhi,2-Wheelers,272,14233
1-Apr-21,Goa,2-Wheelers,36,3374
1-Apr-21,Gujarat,2-Wheelers,98,49005
1-Apr-21,Haryana,2-Wheelers,101,31078
1-Apr-21,Himachal Pradesh,2-Wheelers,9,4360
1-Apr-21,Jammu and Kashmir,2-Wheelers,22,6874
1-Apr-21,Jharkhand,2-Wheelers,80,26969
1-Apr-21,Karnataka,2-Wheelers,1549,59979
1-Apr-21,Kerala,2-Wheelers,379,57624
1-Apr-21,Madhya Pradesh,2-Wheelers,126,29491
1-Apr-21,Maharashtra,2-Wheelers,428,45515
1-Apr-21,Manipur,2-Wheelers,2,3048
1-Apr-21,Odisha,2-Wheelers,191,36953
1-Apr-21,Puducherry,2-Wheelers,18,2581
1-Apr-21,Punjab,2-Wheelers,9,24348
1-Apr-21,Rajasthan,2-Wheelers,325,48828
1-Apr-21,Tamil Nadu,2-Wheelers,1297,107658
1-Apr-21,Uttar Pradesh,2-Wheelers,171,137840
1-Apr-21,Uttarakhand,2-Wheelers,34,7607
1-Apr-21,West Bengal,2-Wheelers,9,65885
1-May-21,Andhra Pradesh,2-Wheelers,201,41370
1-May-21,Bihar,2-Wheelers,8,55276
1-May-21,Chhattisgarh,2-Wheelers,6,5280
1-May-21,Goa,2-Wheelers,27,379
1-May-21,Gujarat,2-Wheelers,106,33419
1-May-21,Haryana,2-Wheelers,17,7315
1-May-21,Himachal Pradesh,2-Wheelers,4,1721
1-May-21,Jammu and Kashmir,2-Wheelers,50,1916
1-May-21,Jharkhand,2-Wheelers,39,21680
1-May-21,Karnataka,2-Wheelers,140,4942
1-May-21,Kerala,2-Wheelers,95,6675
1-May-21,Maharashtra,2-Wheelers,189,16627
1-May-21,Odisha,2-Wheelers,28,5900
1-May-21,Puducherry,2-Wheelers,3,314
1-May-21,Punjab,2-Wheelers,21,14366
1-May-21,Rajasthan,2-Wheelers,33,18802
1-May-21,Tamil Nadu,2-Wheelers,237,17837
1-May-21,Uttar Pradesh,2-Wheelers,25,147458
1-May-21,Uttarakhand,2-Wheelers,6,2957
1-May-21,West Bengal,2-Wheelers,6,28906
1-Jun-21,Andhra Pradesh,2-Wheelers,369,53867
1-Jun-21,Assam,2-Wheelers,6,22586
1-Jun-21,Bihar,2-Wheelers,67,100771
1-Jun-21,Chandigarh,2-Wheelers,2,1314
1-Jun-21,Chhattisgarh,2-Wheelers,138,31808
1-Jun-21,DNH and DD,2-Wheelers,2,627
1-Jun-21,Delhi,2-Wheelers,205,22186
1-Jun-21,Goa,2-Wheelers,17,1533
1-Jun-21,Gujarat,2-Wheelers,207,59121
1-Jun-21,Haryana,2-Wheelers,74,31957
1-Jun-21,Himachal Pradesh,2-Wheelers,25,5098
1-Jun-21,Jammu and Kashmir,2-Wheelers,87,8677
1-Jun-21,Jharkhand,2-Wheelers,42,33533
1-Jun-21,Karnataka,2-Wheelers,560,19402
1-Jun-21,Kerala,2-Wheelers,184,17828
1-Jun-21,Madhya Pradesh,2-Wheelers,227,90928
1-Jun-21,Maharashtra,2-Wheelers,891,75098
1-Jun-21,Odisha,2-Wheelers,147,23193
1-Jun-21,Puducherry,2-Wheelers,31,2559
1-Jun-21,Punjab,2-Wheelers,71,23393
1-Jun-21,Rajasthan,2-Wheelers,515,59809
1-Jun-21,Tamil Nadu,2-Wheelers,660,45197
1-Jun-21,Uttar Pradesh,2-Wheelers,92,264409
1-Jun-21,Uttarakhand,2-Wheelers,37,9766
1-Jun-21,West Bengal,2-Wheelers,12,67354
1-Jul-21,Andhra Pradesh,2-Wheelers,811,58165
1-Jul-21,Assam,2-Wheelers,22,22521
1-Jul-21,Bihar,2-Wheelers,189,70562
1-Jul-21,Chandigarh,2-Wheelers,11,1286
1-Jul-21,Chhattisgarh,2-Wheelers,253,30642
1-Jul-21,DNH and DD,2-Wheelers,3,704
1-Jul-21,Delhi,2-Wheelers,818,24955
1-Jul-21,Goa,2-Wheelers,64,1694
1-Jul-21,Gujarat,2-Wheelers,358,68641
1-Jul-21,Haryana,2-Wheelers,134,24476
1-Jul-21,Himachal Pradesh,2-Wheelers,18,6543
1-Jul-21,Jammu and Kashmir,2-Wheelers,203,10104
1-Jul-21,Jharkhand,2-Wheelers,108,29512
1-Jul-21,Karnataka,2-Wheelers,3384,84001
1-Jul-21,Kerala,2-Wheelers,456,41455
1-Jul-21,Madhya Pradesh,2-Wheelers,469,99094
1-Jul-21,Maharashtra,2-Wheelers,2101,146083
1-Jul-21,Odisha,2-Wheelers,324,38080
1-Jul-21,Puducherry,2-Wheelers,38,3592
1-Jul-21,Punjab,2-Wheelers,318,27261
1-Jul-21,Rajasthan,2-Wheelers,1378,67308
1-Jul-21,Tamil Nadu,2-Wheelers,2801,122808
1-Jul-21,Uttar Pradesh,2-Wheelers,303,215180
1-Jul-21,Uttarakhand,2-Wheelers,76,12268
1-Jul-21,West Bengal,2-Wheelers,36,76665
1-Aug-21,Andhra Pradesh,2-Wheelers,666,58473
1-Aug-21,Assam,2-Wheelers,26,25097
1-Aug-21,Bihar,2-Wheelers,191,54618
1-Aug-21,Chandigarh,2-Wheelers,19,1380
1-Aug-21,Chhattisgarh,2-Wheelers,238,27491
1-Aug-21,DNH and DD,2-Wheelers,2,584
1-Aug-21,Delhi,2-Wheelers,995,26069
1-Aug-21,Goa,2-Wheelers,22,2316
1-Aug-21,Gujarat,2-Wheelers,584,54721
1-Aug-21,Haryana,2-Wheelers,441,30342
1-Aug-21,Himachal Pradesh,2-Wheelers,32,5430
1-Aug-21,Jammu and Kashmir,2-Wheelers,122,9978
1-Aug-21,Jharkhand,2-Wheelers,137,26589
1-Aug-21,Karnataka,2-Wheelers,3319,79751
1-Aug-21,Kerala,2-Wheelers,598,52507
1-Aug-21,Madhya Pradesh,2-Wheelers,457,67859
1-Aug-21,Maharashtra,2-Wheelers,2419,119076
1-Aug-21,Odisha,2-Wheelers,485,33821
1-Aug-21,Puducherry,2-Wheelers,34,3496
1-Aug-21,Punjab,2-Wheelers,342,27376
1-Aug-21,Rajasthan,2-Wheelers,1451,57021
1-Aug-21,Tamil Nadu,2-Wheelers,2745,109440
1-Aug-21,Uttar Pradesh,2-Wheelers,531,146734
1-Aug-21,Uttarakhand,2-Wheelers,114,11192
1-Aug-21,West Bengal,2-Wheelers,80,63613
1-Sep-21,Andhra Pradesh,2-Wheelers,766,51764
1-Sep-21,Assam,2-Wheelers,38,24438
1-Sep-21,Bihar,2-Wheelers,475,48021
1-Sep-21,Chandigarh,2-Wheelers,25,1162
1-Sep-21,Chhattisgarh,2-Wheelers,244,24790
1-Sep-21,Delhi,2-Wheelers,809,17347
1-Sep-21,Goa,2-Wheelers,87,3081
1-Sep-21,Gujarat,2-Wheelers,959,71820
1-Sep-21,Haryana,2-Wheelers,691,32590
1-Sep-21,Himachal Pradesh,2-Wheelers,33,4975
1-Sep-21,Jammu and Kashmir,2-Wheelers,157,7354
1-Sep-21,Jharkhand,2-Wheelers,149,24528
1-Sep-21,Karnataka,2-Wheelers,3539,80292
1-Sep-21,Kerala,2-Wheelers,789,48245
1-Sep-21,Madhya Pradesh,2-Wheelers,590,65166
1-Sep-21,Maharashtra,2-Wheelers,2166,92351
1-Sep-21,Odisha,2-Wheelers,490,28355
1-Sep-21,Puducherry,2-Wheelers,48,3211
1-Sep-21,Punjab,2-Wheelers,487,24819
1-Sep-21,Rajasthan,2-Wheelers,1625,48502
1-Sep-21,Tamil Nadu,2-Wheelers,2880,108477
1-Sep-21,Uttar Pradesh,2-Wheelers,730,132962
1-Sep-21,Uttarakhand,2-Wheelers,169,9926
1-Sep-21,West Bengal,2-Wheelers,84,65430
1-Oct-21,Andhra Pradesh,2-Wheelers,993,88110
1-Oct-21,Assam,2-Wheelers,28,32155
1-Oct-21,Bihar,2-Wheelers,470,50679
1-Oct-21,Chandigarh,2-Wheelers,18,1792
1-Oct-21,Chhattisgarh,2-Wheelers,301,33464
1-Oct-21,Delhi,2-Wheelers,995,26087
1-Oct-21,Goa,2-Wheelers,163,3914
1-Oct-21,Gujarat,2-Wheelers,1460,84700
1-Oct-21,Haryana,2-Wheelers,505,26891
1-Oct-21,Himachal Pradesh,2-Wheelers,29,4651
1-Oct-21,Jammu and Kashmir,2-Wheelers,199,8601
1-Oct-21,Jharkhand,2-Wheelers,253,28877
1-Oct-21,Karnataka,2-Wheelers,3709,76401
1-Oct-21,Kerala,2-Wheelers,833,42377
1-Oct-21,Ladakh,2-Wheelers,6,18
1-Oct-21,Madhya Pradesh,2-Wheelers,545,52075
1-Oct-21,Maharashtra,2-Wheelers,3554,131332
1-Oct-21,Manipur,2-Wheelers,6,2098
1-Oct-21,Odisha,2-Wheelers,948,52708
1-Oct-21,Puducherry,2-Wheelers,31,2839
1-Oct-21,Punjab,2-Wheelers,416,29940
1-Oct-21,Rajasthan,2-Wheelers,1602,65626
1-Oct-21,Tamil Nadu,2-Wheelers,2530,85674
1-Oct-21,Uttar Pradesh,2-Wheelers,1022,129924
1-Oct-21,Uttarakhand,2-Wheelers,129,12826
1-Oct-21,West Bengal,2-Wheelers,67,53475
1-Nov-21,Andhra Pradesh,2-Wheelers,1114,64835
1-Nov-21,Assam,2-Wheelers,120,29586
1-Nov-21,Bihar,2-Wheelers,604,107209
1-Nov-21,Chandigarh,2-Wheelers,79,2083
1-Nov-21,Chhattisgarh,2-Wheelers,509,63099
1-Nov-21,Delhi,2-Wheelers,1269,37710
1-Nov-21,Goa,2-Wheelers,178,4104
1-Nov-21,Gujarat,2-Wheelers,1569,110759
1-Nov-21,Haryana,2-Wheelers,871,43957
1-Nov-21,Himachal Pradesh,2-Wheelers,61,7398
1-Nov-21,Jammu and Kashmir,2-Wheelers,64,8083
1-Nov-21,Jharkhand,2-Wheelers,370,51355
1-Nov-21,Karnataka,2-Wheelers,3430,74444
1-Nov-21,Kerala,2-Wheelers,948,43718
1-Nov-21,Madhya Pradesh,2-Wheelers,940,99568
1-Nov-21,Maharashtra,2-Wheelers,3684,168326
1-Nov-21,Manipur,2-Wheelers,3,2490
1-Nov-21,Odisha,2-Wheelers,843,41128
1-Nov-21,Puducherry,2-Wheelers,47,2889
1-Nov-21,Punjab,2-Wheelers,803,46549
1-Nov-21,Rajasthan,2-Wheelers,2265,141368
1-Nov-21,Tamil Nadu,2-Wheelers,2844,111203
1-Nov-21,Uttar Pradesh,2-Wheelers,1347,225370
1-Nov-21,Uttarakhand,2-Wheelers,262,20977
1-Nov-21,West Bengal,2-Wheelers,309,79819
1-Dec-21,Andhra Pradesh,2-Wheelers,985,42446
1-Dec-21,Assam,2-Wheelers,93,28392
1-Dec-21,Bihar,2-Wheelers,467,63454
1-Dec-21,Chandigarh,2-Wheelers,30,1252
1-Dec-21,Chhattisgarh,2-Wheelers,500,24772
1-Dec-21,DNH and DD,2-Wheelers,4,1100
1-Dec-21,Delhi,2-Wheelers,1258,18687
1-Dec-21,Goa,2-Wheelers,153,3468
1-Dec-21,Gujarat,2-Wheelers,2111,92992
1-Dec-21,Haryana,2-Wheelers,670,40694
1-Dec-21,Himachal Pradesh,2-Wheelers,73,6044
1-Dec-21,Jammu and Kashmir,2-Wheelers,110,4076
1-Dec-21,Jharkhand,2-Wheelers,293,26077
1-Dec-21,Karnataka,2-Wheelers,4381,83147
1-Dec-21,Kerala,2-Wheelers,1107,43996
1-Dec-21,Madhya Pradesh,2-Wheelers,901,110877
1-Dec-21,Maharashtra,2-Wheelers,4775,134502
1-Dec-21,Manipur,2-Wheelers,4,3649
1-Dec-21,Odisha,2-Wheelers,939,26693
1-Dec-21,Puducherry,2-Wheelers,81,2589
1-Dec-21,Punjab,2-Wheelers,450,35287
1-Dec-21,Rajasthan,2-Wheelers,2119,61061
1-Dec-21,Tamil Nadu,2-Wheelers,3236,83485
1-Dec-21,Uttar Pradesh,2-Wheelers,1371,268713
1-Dec-21,Uttarakhand,2-Wheelers,229,12632
1-Dec-21,West Bengal,2-Wheelers,285,73989
1-Jan-22,Andhra Pradesh,2-Wheelers,1671,59712
1-Jan-22,Assam,2-Wheelers,92,26097
1-Jan-22,Bihar,2-Wheelers,409,51380
1-Jan-22,Chandigarh,2-Wheelers,19,1291
1-Jan-22,Chhattisgarh,2-Wheelers,595,31989
1-Jan-22,DNH and DD,2-Wheelers,6,758
1-Jan-22,Delhi,2-Wheelers,1762,24615
1-Jan-22,Goa,2-Wheelers,194,3015
1-Jan-22,Gujarat,2-Wheelers,2191,58107
1-Jan-22,Haryana,2-Wheelers,597,28339
1-Jan-22,Himachal Pradesh,2-Wheelers,22,3490
1-Jan-22,Jammu and Kashmir,2-Wheelers,76,3561
1-Jan-22,Jharkhand,2-Wheelers,240,24613
1-Jan-22,Karnataka,2-Wheelers,4386,74134
1-Jan-22,Kerala,2-Wheelers,1399,45699
1-Jan-22,Ladakh,2-Wheelers,6,20
1-Jan-22,Madhya Pradesh,2-Wheelers,862,75043
1-Jan-22,Maharashtra,2-Wheelers,5138,136937
1-Jan-22,Manipur,2-Wheelers,5,3660
1-Jan-22,Odisha,2-Wheelers,1333,45749
1-Jan-22,Puducherry,2-Wheelers,94,4044
1-Jan-22,Punjab,2-Wheelers,552,28295
1-Jan-22,Rajasthan,2-Wheelers,2359,50153
1-Jan-22,Tamil Nadu,2-Wheelers,4233,124399
1-Jan-22,Tripura,2-Wheelers,5,3043
1-Jan-22,Uttar Pradesh,2-Wheelers,1322,168934
1-Jan-22,Uttarakhand,2-Wheelers,184,10413
1-Jan-22,West Bengal,2-Wheelers,370,61071
1-Feb-22,Andhra Pradesh,2-Wheelers,2284,52013
1-Feb-22,Assam,2-Wheelers,108,25414
1-Feb-22,Bihar,2-Wheelers,495,59758
1-Feb-22,Chandigarh,2-Wheelers,22,1184
1-Feb-22,Chhattisgarh,2-Wheelers,635,28508
1-Feb-22,DNH and DD,2-Wheelers,4,817
1-Feb-22,Delhi,2-Wheelers,2384,25413
1-Feb-22,Goa,2-Wheelers,267,3248
1-Feb-22,Gujarat,2-Wheelers,2613,68658
1-Feb-22,Haryana,2-Wheelers,677,25667
1-Feb-22,Himachal Pradesh,2-Wheelers,57,4041
1-Feb-22,Jammu and Kashmir,2-Wheelers,101,4836
1-Feb-22,Jharkhand,2-Wheelers,338,27174
1-Feb-22,Karnataka,2-Wheelers,5593,75612
1-Feb-22,Kerala,2-Wheelers,1737,41273
1-Feb-22,Madhya Pradesh,2-Wheelers,974,69322
1-Feb-22,Maharashtra,2-Wheelers,6871,116043
1-Feb-22,Manipur,2-Wheelers,3,4773
1-Feb-22,Odisha,2-Wheelers,1266,41856
1-Feb-22,Puducherry,2-Wheelers,117,3410
1-Feb-22,Punjab,2-Wheelers,296,24506
1-Feb-22,Rajasthan,2-Wheelers,2563,56168
1-Feb-22,Tamil Nadu,2-Wheelers,4506,108851
1-Feb-22,Tripura,2-Wheelers,3,2705
1-Feb-22,Uttar Pradesh,2-Wheelers,1202,163699
1-Feb-22,Uttarakhand,2-Wheelers,223,9283
1-Feb-22,West Bengal,2-Wheelers,383,56937
1-Mar-22,Andhra Pradesh,2-Wheelers,3169,51588
1-Mar-22,Assam,2-Wheelers,179,29698
1-Mar-22,Bihar,2-Wheelers,1328,85165
1-Mar-22,Chandigarh,2-Wheelers,55,1883
1-Mar-22,Chhattisgarh,2-Wheelers,959,31244
1-Mar-22,DNH and DD,2-Wheelers,5,757
1-Mar-22,Delhi,2-Wheelers,3491,28871
1-Mar-22,Goa,2-Wheelers,235,4381
1-Mar-22,Gujarat,2-Wheelers,4507,79333
1-Mar-22,Haryana,2-Wheelers,1025,30295
1-Mar-22,Himachal Pradesh,2-Wheelers,61,3565
1-Mar-22,Jammu and Kashmir,2-Wheelers,227,5680
1-Mar-22,Jharkhand,2-Wheelers,607,38435
1-Mar-22,Karnataka,2-Wheelers,7288,91537
1-Mar-22,Kerala,2-Wheelers,2880,50610
1-Mar-22,Madhya Pradesh,2-Wheelers,1580,76256
1-Mar-22,Maharashtra,2-Wheelers,9687,130070
1-Mar-22,Manipur,2-Wheelers,2,3508
1-Mar-22,Odisha,2-Wheelers,2363,47801
1-Mar-22,Puducherry,2-Wheelers,181,3913
1-Mar-22,Punjab,2-Wheelers,716,31497
1-Mar-22,Rajasthan,2-Wheelers,3080,60106
1-Mar-22,Tamil Nadu,2-Wheelers,7708,124272
1-Mar-22,Tripura,2-Wheelers,18,3504
1-Mar-22,Uttar Pradesh,2-Wheelers,1986,180927
1-Mar-22,Uttarakhand,2-Wheelers,435,11692
1-Mar-22,West Bengal,2-Wheelers,626,73783
1-Apr-22,Andhra Pradesh,2-Wheelers,2745,56529
1-Apr-22,Assam,2-Wheelers,168,26813
1-Apr-22,Bihar,2-Wheelers,475,82418
1-Apr-22,Chandigarh,2-Wheelers,63,1881
1-Apr-22,Chhattisgarh,2-Wheelers,1397,30843
1-Apr-22,DNH and DD,2-Wheelers,4,804
1-Apr-22,Delhi,2-Wheelers,2832,32226
1-Apr-22,Goa,2-Wheelers,377,3817
1-Apr-22,Gujarat,2-Wheelers,6695,88648
1-Apr-22,Haryana,2-Wheelers,1215,30558
1-Apr-22,Himachal Pradesh,2-Wheelers,97,4637
1-Apr-22,Jammu and Kashmir,2-Wheelers,125,8306
1-Apr-22,Jharkhand,2-Wheelers,450,35590
1-Apr-22,Karnataka,2-Wheelers,8814,100400
1-Apr-22,Kerala,2-Wheelers,2908,41859
1-Apr-22,Madhya Pradesh,2-Wheelers,1337,75144
1-Apr-22,Maharashtra,2-Wheelers,7375,135969
1-Apr-22,Meghalaya,2-Wheelers,5,1472
1-Apr-22,Nagaland,2-Wheelers,2,444
1-Apr-22,Odisha,2-Wheelers,2261,44330
1-Apr-22,Puducherry,2-Wheelers,82,3044
1-Apr-22,Punjab,2-Wheelers,817,29934
1-Apr-22,Rajasthan,2-Wheelers,3771,70039
1-Apr-22,Tamil Nadu,2-Wheelers,5425,106643
1-Apr-22,Tripura,2-Wheelers,20,2797
1-Apr-22,Uttar Pradesh,2-Wheelers,2397,225079
1-Apr-22,Uttarakhand,2-Wheelers,602,12989
1-Apr-22,West Bengal,2-Wheelers,815,68909
1-May-22,Andhra Pradesh,2-Wheelers,1615,48041
1-May-22,Assam,2-Wheelers,112,28739
1-May-22,Bihar,2-Wheelers,458,113034
1-May-22,Chandigarh,2-Wheelers,44,1797
1-May-22,Chhattisgarh,2-Wheelers,834,28821
1-May-22,DNH and DD,2-Wheelers,6,790
1-May-22,Delhi,2-Wheelers,1760,28897
1-May-22,Goa,2-Wheelers,453,3338
1-May-22,Gujarat,2-Wheelers,4408,68621
1-May-22,Haryana,2-Wheelers,1178,32009
1-May-22,Himachal Pradesh,2-Wheelers,73,5131
1-May-22,Jammu and Kashmir,2-Wheelers,124,9505
1-May-22,Jharkhand,2-Wheelers,431,39317
1-May-22,Karnataka,2-Wheelers,5947,84301
1-May-22,Kerala,2-Wheelers,2373,40514
1-May-22,Madhya Pradesh,2-Wheelers,1310,94602
1-May-22,Maharashtra,2-Wheelers,8914,123203
1-May-22,Manipur,2-Wheelers,2,2443
1-May-22,Odisha,2-Wheelers,1714,38324
1-May-22,Puducherry,2-Wheelers,65,3122
1-May-22,Punjab,2-Wheelers,493,30377
1-May-22,Rajasthan,2-Wheelers,3701,73803
1-May-22,Tamil Nadu,2-Wheelers,3628,102565
1-May-22,Tripura,2-Wheelers,14,2768
1-May-22,Uttar Pradesh,2-Wheelers,1695,273962
1-May-22,Uttarakhand,2-Wheelers,377,12930
1-May-22,West Bengal,2-Wheelers,683,68721
1-Jun-22,Andhra Pradesh,2-Wheelers,1733,37538
1-Jun-22,Assam,2-Wheelers,101,21695
1-Jun-22,Bihar,2-Wheelers,716,79768
1-Jun-22,Chandigarh,2-Wheelers,63,1808
1-Jun-22,Chhattisgarh,2-Wheelers,1038,28027
1-Jun-22,Delhi,2-Wheelers,2755,27696
1-Jun-22,Goa,2-Wheelers,365,3042
1-Jun-22,Gujarat,2-Wheelers,5322,83549
1-Jun-22,Haryana,2-Wheelers,966,30435
1-Jun-22,Himachal Pradesh,2-Wheelers,104,5610
1-Jun-22,Jammu and Kashmir,2-Wheelers,159,8064
1-Jun-22,Jharkhand,2-Wheelers,461,32650
1-Jun-22,Karnataka,2-Wheelers,6800,91707
1-Jun-22,Kerala,2-Wheelers,2568,44015
1-Jun-22,Ladakh,2-Wheelers,14,590
1-Jun-22,Madhya Pradesh,2-Wheelers,1434,83413
1-Jun-22,Maharashtra,2-Wheelers,7880,115725
1-Jun-22,Manipur,2-Wheelers,13,3391
1-Jun-22,Meghalaya,2-Wheelers,2,1291
1-Jun-22,Mizoram,2-Wheelers,2,1750
1-Jun-22,Odisha,2-Wheelers,1693,39143
1-Jun-22,Puducherry,2-Wheelers,85,3331
1-Jun-22,Punjab,2-Wheelers,514,28256
1-Jun-22,Rajasthan,2-Wheelers,3427,58281
1-Jun-22,Tamil Nadu,2-Wheelers,3749,110740
1-Jun-22,Tripura,2-Wheelers,21,2761
1-Jun-22,Uttar Pradesh,2-Wheelers,1361,198411
1-Jun-22,Uttarakhand,2-Wheelers,374,13121
1-Jun-22,West Bengal,2-Wheelers,660,67878
1-Jul-22,Andhra Pradesh,2-Wheelers,1921,42632
1-Jul-22,Assam,2-Wheelers,120,26803
1-Jul-22,Bihar,2-Wheelers,638,62773
1-Jul-22,Chandigarh,2-Wheelers,58,2086
1-Jul-22,Chhattisgarh,2-Wheelers,1309,26466
1-Jul-22,DNH and DD,2-Wheelers,9,735
1-Jul-22,Delhi,2-Wheelers,2658,30654
1-Jul-22,Goa,2-Wheelers,579,2801
1-Jul-22,Gujarat,2-Wheelers,5592,83341
1-Jul-22,Haryana,2-Wheelers,710,30657
1-Jul-22,Himachal Pradesh,2-Wheelers,92,5377
1-Jul-22,Jammu and Kashmir,2-Wheelers,316,8717
1-Jul-22,Jharkhand,2-Wheelers,589,32122
1-Jul-22,Karnataka,2-Wheelers,5689,77333
1-Jul-22,Kerala,2-Wheelers,1964,37691
1-Jul-22,Madhya Pradesh,2-Wheelers,1722,81579
1-Jul-22,Maharashtra,2-Wheelers,8446,111895
1-Jul-22,Manipur,2-Wheelers,21,4103
1-Jul-22,Meghalaya,2-Wheelers,3,1363
1-Jul-22,Odisha,2-Wheelers,1816,32549
1-Jul-22,Puducherry,2-Wheelers,71,3298
1-Jul-22,Punjab,2-Wheelers,603,27082
1-Jul-22,Rajasthan,2-Wheelers,4574,63752
1-Jul-22,Tamil Nadu,2-Wheelers,4180,103800
1-Jul-22,Tripura,2-Wheelers,2,2632
1-Jul-22,Uttar Pradesh,2-Wheelers,1828,153826
1-Jul-22,Uttarakhand,2-Wheelers,404,12603
1-Jul-22,West Bengal,2-Wheelers,689,62610
1-Aug-22,Andhra Pradesh,2-Wheelers,1898,54365
1-Aug-22,Assam,2-Wheelers,202,27466
1-Aug-22,Bihar,2-Wheelers,849,64565
1-Aug-22,Chandigarh,2-Wheelers,59,1896
1-Aug-22,Chhattisgarh,2-Wheelers,1360,23146
1-Aug-22,DNH and DD,2-Wheelers,6,742
1-Aug-22,Delhi,2-Wheelers,3259,31869
1-Aug-22,Goa,2-Wheelers,303,4503
1-Aug-22,Gujarat,2-Wheelers,5059,74982
1-Aug-22,Haryana,2-Wheelers,915,33336
1-Aug-22,Himachal Pradesh,2-Wheelers,59,5281
1-Aug-22,Jammu and Kashmir,2-Wheelers,182,9131
1-Aug-22,Jharkhand,2-Wheelers,561,25332
1-Aug-22,Karnataka,2-Wheelers,7476,88611
1-Aug-22,Kerala,2-Wheelers,3069,50954
1-Aug-22,Madhya Pradesh,2-Wheelers,1931,98165
1-Aug-22,Maharashtra,2-Wheelers,9723,118886
1-Aug-22,Manipur,2-Wheelers,8,3647
1-Aug-22,Meghalaya,2-Wheelers,2,1734
1-Aug-22,Mizoram,2-Wheelers,6,2062
1-Aug-22,Odisha,2-Wheelers,2007,30540
1-Aug-22,Puducherry,2-Wheelers,91,3810
1-Aug-22,Punjab,2-Wheelers,645,32591
1-Aug-22,Rajasthan,2-Wheelers,4159,60191
1-Aug-22,Tamil Nadu,2-Wheelers,5306,120312
1-Aug-22,Tripura,2-Wheelers,14,2643
1-Aug-22,Uttar Pradesh,2-Wheelers,1920,131703
1-Aug-22,Uttarakhand,2-Wheelers,494,12711
1-Aug-22,West Bengal,2-Wheelers,663,62200
1-Sep-22,Andhra Pradesh,2-Wheelers,2239,52804
1-Sep-22,Assam,2-Wheelers,200,31729
1-Sep-22,Bihar,2-Wheelers,951,54364
1-Sep-22,Chandigarh,2-Wheelers,70,1929
1-Sep-22,Chhattisgarh,2-Wheelers,1190,23465
1-Sep-22,DNH and DD,2-Wheelers,8,629
1-Sep-22,Delhi,2-Wheelers,2301,25409
1-Sep-22,Goa,2-Wheelers,400,4078
1-Sep-22,Gujarat,2-Wheelers,5333,77920
1-Sep-22,Haryana,2-Wheelers,848,25832
1-Sep-22,Himachal Pradesh,2-Wheelers,67,4101
1-Sep-22,Jammu and Kashmir,2-Wheelers,220,8320
1-Sep-22,Jharkhand,2-Wheelers,498,23758
1-Sep-22,Karnataka,2-Wheelers,7616,87981
1-Sep-22,Kerala,2-Wheelers,3100,53877
1-Sep-22,Madhya Pradesh,2-Wheelers,1898,53245
1-Sep-22,Maharashtra,2-Wheelers,10730,122642
1-Sep-22,Mizoram,2-Wheelers,4,1568
1-Sep-22,Odisha,2-Wheelers,2197,36139
1-Sep-22,Puducherry,2-Wheelers,114,3772
1-Sep-22,Punjab,2-Wheelers,590,27407
1-Sep-22,Rajasthan,2-Wheelers,4677,53951
1-Sep-22,Tamil Nadu,2-Wheelers,5112,121791
1-Sep-22,Tripura,2-Wheelers,17,3842
1-Sep-22,Uttar Pradesh,2-Wheelers,1787,97293
1-Sep-22,Uttarakhand,2-Wheelers,386,9325
1-Sep-22,West Bengal,2-Wheelers,727,64255
1-Oct-22,Andhra Pradesh,2-Wheelers,2568,74374
1-Oct-22,Assam,2-Wheelers,194,38033
1-Oct-22,Bihar,2-Wheelers,1377,88895
1-Oct-22,Chandigarh,2-Wheelers,118,3103
1-Oct-22,Chhattisgarh,2-Wheelers,2471,57951
1-Oct-22,DNH and DD,2-Wheelers,5,619
1-Oct-22,Delhi,2-Wheelers,3699,50702
1-Oct-22,Goa,2-Wheelers,704,6241
1-Oct-22,Gujarat,2-Wheelers,6635,115540
1-Oct-22,Haryana,2-Wheelers,1313,38921
1-Oct-22,Himachal Pradesh,2-Wheelers,79,5548
1-Oct-22,Jammu and Kashmir,2-Wheelers,258,9184
1-Oct-22,Jharkhand,2-Wheelers,949,50073
1-Oct-22,Karnataka,2-Wheelers,9706,117015
1-Oct-22,Kerala,2-Wheelers,3629,44021
1-Oct-22,Madhya Pradesh,2-Wheelers,3616,137210
1-Oct-22,Maharashtra,2-Wheelers,15999,189870
1-Oct-22,Manipur,2-Wheelers,4,2532
1-Oct-22,Meghalaya,2-Wheelers,5,1558
1-Oct-22,Mizoram,2-Wheelers,3,1638
1-Oct-22,Odisha,2-Wheelers,3695,72161
1-Oct-22,Puducherry,2-Wheelers,180,3564
1-Oct-22,Punjab,2-Wheelers,707,37265
1-Oct-22,Rajasthan,2-Wheelers,9455,133585
1-Oct-22,Tamil Nadu,2-Wheelers,5530,111507
1-Oct-22,Tripura,2-Wheelers,13,3431
1-Oct-22,Uttar Pradesh,2-Wheelers,3003,258110
1-Oct-22,Uttarakhand,2-Wheelers,797,19532
1-Oct-22,West Bengal,2-Wheelers,538,50676
1-Nov-22,Andaman & Nicobar Island,2-Wheelers,6,405
1-Nov-22,Andhra Pradesh,2-Wheelers,2742,69695
1-Nov-22,Assam,2-Wheelers,176,32542
1-Nov-22,Bihar,2-Wheelers,1253,110759
1-Nov-22,Chandigarh,2-Wheelers,163,1727
1-Nov-22,Chhattisgarh,2-Wheelers,2725,42575
1-Nov-22,DNH and DD,2-Wheelers,14,1290
1-Nov-22,Delhi,2-Wheelers,3869,41689
1-Nov-22,Goa,2-Wheelers,587,5285
1-Nov-22,Gujarat,2-Wheelers,8322,165828
1-Nov-22,Haryana,2-Wheelers,1369,58469
1-Nov-22,Himachal Pradesh,2-Wheelers,134,9181
1-Nov-22,Jammu and Kashmir,2-Wheelers,194,4656
1-Nov-22,Jharkhand,2-Wheelers,953,40248
1-Nov-22,Karnataka,2-Wheelers,9851,109695
1-Nov-22,Kerala,2-Wheelers,3698,40561
1-Nov-22,Madhya Pradesh,2-Wheelers,3426,130285
1-Nov-22,Maharashtra,2-Wheelers,13718,204988
1-Nov-22,Manipur,2-Wheelers,2,5529
1-Nov-22,Meghalaya,2-Wheelers,3,1438
1-Nov-22,Mizoram,2-Wheelers,8,1542
1-Nov-22,Odisha,2-Wheelers,2997,38593
1-Nov-22,Puducherry,2-Wheelers,153,3002
1-Nov-22,Punjab,2-Wheelers,1042,46873
1-Nov-22,Rajasthan,2-Wheelers,7306,158463
1-Nov-22,Tamil Nadu,2-Wheelers,7258,120109
1-Nov-22,Tripura,2-Wheelers,12,3427
1-Nov-22,Uttar Pradesh,2-Wheelers,2746,279169
1-Nov-22,Uttarakhand,2-Wheelers,839,25037
1-Nov-22,West Bengal,2-Wheelers,1209,100516
1-Dec-22,Andaman & Nicobar Island,2-Wheelers,10,397
1-Dec-22,Andhra Pradesh,2-Wheelers,2718,47327
1-Dec-22,Assam,2-Wheelers,250,34737
1-Dec-22,Bihar,2-Wheelers,987,60432
1-Dec-22,Chandigarh,2-Wheelers,123,1454
1-Dec-22,Chhattisgarh,2-Wheelers,1883,26359
1-Dec-22,DNH and DD,2-Wheelers,19,1112
1-Dec-22,Delhi,2-Wheelers,3826,21773
1-Dec-22,Goa,2-Wheelers,528,4983
1-Dec-22,Gujarat,2-Wheelers,7906,107138
1-Dec-22,Haryana,2-Wheelers,885,37571
1-Dec-22,Himachal Pradesh,2-Wheelers,100,6751
1-Dec-22,Jammu and Kashmir,2-Wheelers,150,3943
1-Dec-22,Jharkhand,2-Wheelers,653,27130
1-Dec-22,Karnataka,2-Wheelers,7750,75110
1-Dec-22,Kerala,2-Wheelers,4112,40445
1-Dec-22,Madhya Pradesh,2-Wheelers,2328,64980
1-Dec-22,Maharashtra,2-Wheelers,13076,136534
1-Dec-22,Manipur,2-Wheelers,63,4150
1-Dec-22,Mizoram,2-Wheelers,11,1792
1-Dec-22,Odisha,2-Wheelers,2379,38217
1-Dec-22,Puducherry,2-Wheelers,177,2396
1-Dec-22,Punjab,2-Wheelers,635,35992
1-Dec-22,Rajasthan,2-Wheelers,5060,57108
1-Dec-22,Tamil Nadu,2-Wheelers,4991,77848
1-Dec-22,Tripura,2-Wheelers,57,3393
1-Dec-22,Uttar Pradesh,2-Wheelers,2334,134747
1-Dec-22,Uttarakhand,2-Wheelers,581,10627
1-Dec-22,West Bengal,2-Wheelers,1047,69018
1-Jan-23,Andhra Pradesh,2-Wheelers,2680,49537
1-Jan-23,Assam,2-Wheelers,142,41897
1-Jan-23,Bihar,2-Wheelers,987,63994
1-Jan-23,Chandigarh,2-Wheelers,172,1977
1-Jan-23,Chhattisgarh,2-Wheelers,1923,35000
1-Jan-23,DNH and DD,2-Wheelers,9,698
1-Jan-23,Delhi,2-Wheelers,3285,35973
1-Jan-23,Goa,2-Wheelers,662,4457
1-Jan-23,Gujarat,2-Wheelers,5873,70897
1-Jan-23,Haryana,2-Wheelers,706,29990
1-Jan-23,Himachal Pradesh,2-Wheelers,78,4421
1-Jan-23,Jammu and Kashmir,2-Wheelers,115,3934
1-Jan-23,Jharkhand,2-Wheelers,655,27267
1-Jan-23,Karnataka,2-Wheelers,9969,94898
1-Jan-23,Kerala,2-Wheelers,4667,43110
1-Jan-23,Madhya Pradesh,2-Wheelers,2443,80312
1-Jan-23,Maharashtra,2-Wheelers,13802,148279
1-Jan-23,Manipur,2-Wheelers,7,3158
1-Jan-23,Meghalaya,2-Wheelers,4,1372
1-Jan-23,Mizoram,2-Wheelers,10,1599
1-Jan-23,Odisha,2-Wheelers,2533,47973
1-Jan-23,Puducherry,2-Wheelers,197,4395
1-Jan-23,Punjab,2-Wheelers,590,33117
1-Jan-23,Rajasthan,2-Wheelers,4624,62966
1-Jan-23,Tamil Nadu,2-Wheelers,5505,135769
1-Jan-23,Tripura,2-Wheelers,8,2766
1-Jan-23,Uttar Pradesh,2-Wheelers,1952,171721
1-Jan-23,Uttarakhand,2-Wheelers,447,12862
1-Jan-23,West Bengal,2-Wheelers,632,52431
1-Feb-23,Andhra Pradesh,2-Wheelers,2907,51810
1-Feb-23,Assam,2-Wheelers,190,36795
1-Feb-23,Bihar,2-Wheelers,911,77926
1-Feb-23,Chandigarh,2-Wheelers,216,955
1-Feb-23,Chhattisgarh,2-Wheelers,1874,30804
1-Feb-23,DNH and DD,2-Wheelers,16,777
1-Feb-23,Delhi,2-Wheelers,2800,29396
1-Feb-23,Goa,2-Wheelers,628,3919
1-Feb-23,Gujarat,2-Wheelers,6757,85424
1-Feb-23,Haryana,2-Wheelers,702,31279
1-Feb-23,Himachal Pradesh,2-Wheelers,65,4784
1-Feb-23,Jammu and Kashmir,2-Wheelers,147,4868
1-Feb-23,Jharkhand,2-Wheelers,652,31633
1-Feb-23,Karnataka,2-Wheelers,10266,88323
1-Feb-23,Kerala,2-Wheelers,5558,39985
1-Feb-23,Madhya Pradesh,2-Wheelers,2358,75150
1-Feb-23,Maharashtra,2-Wheelers,12070,129508
1-Feb-23,Manipur,2-Wheelers,14,2990
1-Feb-23,Meghalaya,2-Wheelers,2,1192
1-Feb-23,Mizoram,2-Wheelers,9,1655
1-Feb-23,Odisha,2-Wheelers,2552,49375
1-Feb-23,Puducherry,2-Wheelers,177,3354
1-Feb-23,Punjab,2-Wheelers,609,34555
1-Feb-23,Rajasthan,2-Wheelers,4662,62207
1-Feb-23,Tamil Nadu,2-Wheelers,6701,118355
1-Feb-23,Tripura,2-Wheelers,20,2860
1-Feb-23,Uttar Pradesh,2-Wheelers,1968,190812
1-Feb-23,Uttarakhand,2-Wheelers,426,11079
1-Feb-23,West Bengal,2-Wheelers,814,67188
1-Mar-23,Andhra Pradesh,2-Wheelers,3515,54298
1-Mar-23,Assam,2-Wheelers,221,41575
1-Mar-23,Bihar,2-Wheelers,1302,92334
1-Mar-23,Chandigarh,2-Wheelers,362,663
1-Mar-23,Chhattisgarh,2-Wheelers,2188,33362
1-Mar-23,DNH and DD,2-Wheelers,5,902
1-Mar-23,Delhi,2-Wheelers,3782,30396
1-Mar-23,Goa,2-Wheelers,837,5064
1-Mar-23,Gujarat,2-Wheelers,7790,92417
1-Mar-23,Haryana,2-Wheelers,714,33171
1-Mar-23,Himachal Pradesh,2-Wheelers,91,4543
1-Mar-23,Jammu and Kashmir,2-Wheelers,198,7789
1-Mar-23,Jharkhand,2-Wheelers,797,39001
1-Mar-23,Karnataka,2-Wheelers,13056,104953
1-Mar-23,Kerala,2-Wheelers,6773,50705
1-Mar-23,Madhya Pradesh,2-Wheelers,3213,100653
1-Mar-23,Maharashtra,2-Wheelers,17077,154632
1-Mar-23,Manipur,2-Wheelers,3,3985
1-Mar-23,Mizoram,2-Wheelers,10,1615
1-Mar-23,Odisha,2-Wheelers,3269,52642
1-Mar-23,Puducherry,2-Wheelers,261,3608
1-Mar-23,Punjab,2-Wheelers,805,36806
1-Mar-23,Rajasthan,2-Wheelers,6375,85324
1-Mar-23,Tamil Nadu,2-Wheelers,8388,119376
1-Mar-23,Tripura,2-Wheelers,23,3016
1-Mar-23,Uttar Pradesh,2-Wheelers,3559,206315
1-Mar-23,Uttarakhand,2-Wheelers,587,13077
1-Mar-23,West Bengal,2-Wheelers,1103,73690
1-Apr-23,Andhra Pradesh,2-Wheelers,3515,48046
1-Apr-23,Assam,2-Wheelers,178,35047
1-Apr-23,Bihar,2-Wheelers,971,84319
1-Apr-23,Chandigarh,2-Wheelers,126,2085
1-Apr-23,Chhattisgarh,2-Wheelers,1559,27613
1-Apr-23,DNH and DD,2-Wheelers,5,666
1-Apr-23,Delhi,2-Wheelers,2738,28590
1-Apr-23,Goa,2-Wheelers,698,3609
1-Apr-23,Gujarat,2-Wheelers,8266,89782
1-Apr-23,Haryana,2-Wheelers,802,34168
1-Apr-23,Himachal Pradesh,2-Wheelers,96,4847
1-Apr-23,Jammu and Kashmir,2-Wheelers,212,6299
1-Apr-23,Jharkhand,2-Wheelers,682,36353
1-Apr-23,Karnataka,2-Wheelers,9711,91491
1-Apr-23,Kerala,2-Wheelers,4659,32903
1-Apr-23,Madhya Pradesh,2-Wheelers,1958,64877
1-Apr-23,Maharashtra,2-Wheelers,12260,130977
1-Apr-23,Manipur,2-Wheelers,15,3425
1-Apr-23,Meghalaya,2-Wheelers,3,1501
1-Apr-23,Mizoram,2-Wheelers,8,1565
1-Apr-23,Odisha,2-Wheelers,2848,43956
1-Apr-23,Puducherry,2-Wheelers,157,3076
1-Apr-23,Punjab,2-Wheelers,376,28269
1-Apr-23,Rajasthan,2-Wheelers,3914,67999
1-Apr-23,Tamil Nadu,2-Wheelers,6509,94801
1-Apr-23,Tripura,2-Wheelers,19,2450
1-Apr-23,Uttar Pradesh,2-Wheelers,3087,195568
1-Apr-23,Uttarakhand,2-Wheelers,524,12580
1-Apr-23,West Bengal,2-Wheelers,918,54194
1-May-23,Andhra Pradesh,2-Wheelers,4370,54545
1-May-23,Assam,2-Wheelers,282,35939
1-May-23,Bihar,2-Wheelers,1536,125465
1-May-23,Chandigarh,2-Wheelers,209,2356
1-May-23,Chhattisgarh,2-Wheelers,2514,29232
1-May-23,DNH and DD,2-Wheelers,4,829
1-May-23,Delhi,2-Wheelers,4977,32282
1-May-23,Goa,2-Wheelers,863,3933
1-May-23,Gujarat,2-Wheelers,9609,87169
1-May-23,Haryana,2-Wheelers,1053,34399
1-May-23,Himachal Pradesh,2-Wheelers,118,5278
1-May-23,Jammu and Kashmir,2-Wheelers,258,9084
1-May-23,Jharkhand,2-Wheelers,839,41796
1-May-23,Karnataka,2-Wheelers,17292,97074
1-May-23,Kerala,2-Wheelers,7386,41347
1-May-23,Ladakh,2-Wheelers,14,161
1-May-23,Madhya Pradesh,2-Wheelers,3940,97067
1-May-23,Maharashtra,2-Wheelers,20585,126680
1-May-23,Manipur,2-Wheelers,10,572
1-May-23,Meghalaya,2-Wheelers,7,2006
1-May-23,Mizoram,2-Wheelers,14,1626
1-May-23,Odisha,2-Wheelers,3727,44563
1-May-23,Puducherry,2-Wheelers,382,3736
1-May-23,Punjab,2-Wheelers,1181,32433
1-May-23,Rajasthan,2-Wheelers,6897,79573
1-May-23,Tamil Nadu,2-Wheelers,10330,109325
1-May-23,Tripura,2-Wheelers,65,3305
1-May-23,Uttar Pradesh,2-Wheelers,4704,300079
1-May-23,Uttarakhand,2-Wheelers,682,14779
1-May-23,West Bengal,2-Wheelers,1508,77494
1-Jun-23,Andhra Pradesh,2-Wheelers,1004,45618
1-Jun-23,Assam,2-Wheelers,177,31855
1-Jun-23,Bihar,2-Wheelers,520,90944
1-Jun-23,Chandigarh,2-Wheelers,135,2638
1-Jun-23,Chhattisgarh,2-Wheelers,1245,30378
1-Jun-23,DNH and DD,2-Wheelers,5,765
1-Jun-23,Delhi,2-Wheelers,1787,28279
1-Jun-23,Goa,2-Wheelers,531,3485
1-Jun-23,Gujarat,2-Wheelers,4019,80898
1-Jun-23,Haryana,2-Wheelers,408,33317
1-Jun-23,Himachal Pradesh,2-Wheelers,59,5397
1-Jun-23,Jammu and Kashmir,2-Wheelers,166,7915
1-Jun-23,Jharkhand,2-Wheelers,390,36415
1-Jun-23,Karnataka,2-Wheelers,7730,101825
1-Jun-23,Kerala,2-Wheelers,4020,38025
1-Jun-23,Ladakh,2-Wheelers,2,208
1-Jun-23,Madhya Pradesh,2-Wheelers,1671,78536
1-Jun-23,Maharashtra,2-Wheelers,8451,119809
1-Jun-23,Manipur,2-Wheelers,4,270
1-Jun-23,Mizoram,2-Wheelers,4,1795
1-Jun-23,Odisha,2-Wheelers,2131,43202
1-Jun-23,Puducherry,2-Wheelers,140,3591
1-Jun-23,Punjab,2-Wheelers,534,30214
1-Jun-23,Rajasthan,2-Wheelers,3261,69235
1-Jun-23,Tamil Nadu,2-Wheelers,4720,121451
1-Jun-23,Tripura,2-Wheelers,8,2709
1-Jun-23,Uttar Pradesh,2-Wheelers,1932,219233
1-Jun-23,Uttarakhand,2-Wheelers,324,13374
1-Jun-23,West Bengal,2-Wheelers,462,64854
1-Jul-23,Andhra Pradesh,2-Wheelers,1361,50877
1-Jul-23,Assam,2-Wheelers,168,32074
1-Jul-23,Bihar,2-Wheelers,614,69583
1-Jul-23,Chandigarh,2-Wheelers,134,1813
1-Jul-23,Chhattisgarh,2-Wheelers,1584,28753
1-Jul-23,DNH and DD,2-Wheelers,5,856
1-Jul-23,Delhi,2-Wheelers,2068,31269
1-Jul-23,Goa,2-Wheelers,517,2877
1-Jul-23,Gujarat,2-Wheelers,5300,98394
1-Jul-23,Haryana,2-Wheelers,152,15523
1-Jul-23,Himachal Pradesh,2-Wheelers,40,5450
1-Jul-23,Jammu and Kashmir,2-Wheelers,116,8604
1-Jul-23,Jharkhand,2-Wheelers,447,32370
1-Jul-23,Karnataka,2-Wheelers,9632,95036
1-Jul-23,Kerala,2-Wheelers,3937,34948
1-Jul-23,Madhya Pradesh,2-Wheelers,1971,69937
1-Jul-23,Maharashtra,2-Wheelers,9822,126943
1-Jul-23,Manipur,2-Wheelers,6,1145
1-Jul-23,Meghalaya,2-Wheelers,20,2030
1-Jul-23,Mizoram,2-Wheelers,6,1721
1-Jul-23,Odisha,2-Wheelers,2805,38394
1-Jul-23,Puducherry,2-Wheelers,189,3909
1-Jul-23,Punjab,2-Wheelers,445,33588
1-Jul-23,Rajasthan,2-Wheelers,3763,76511
1-Jul-23,Tamil Nadu,2-Wheelers,5839,119322
1-Jul-23,Tripura,2-Wheelers,6,2942
1-Jul-23,Uttar Pradesh,2-Wheelers,2326,158970
1-Jul-23,Uttarakhand,2-Wheelers,408,13216
1-Jul-23,West Bengal,2-Wheelers,509,67367
1-Aug-23,Andhra Pradesh,2-Wheelers,1568,56399
1-Aug-23,Assam,2-Wheelers,147,31641
1-Aug-23,Bihar,2-Wheelers,713,58346
1-Aug-23,Chandigarh,2-Wheelers,125,1789
1-Aug-23,Chhattisgarh,2-Wheelers,2088,28699
1-Aug-23,DNH and DD,2-Wheelers,6,606
1-Aug-23,Delhi,2-Wheelers,2116,33120
1-Aug-23,Goa,2-Wheelers,689,4098
1-Aug-23,Gujarat,2-Wheelers,5755,87134
1-Aug-23,Haryana,2-Wheelers,399,38102
1-Aug-23,Himachal Pradesh,2-Wheelers,64,5345
1-Aug-23,Jammu and Kashmir,2-Wheelers,98,8650
1-Aug-23,Jharkhand,2-Wheelers,455,27909
1-Aug-23,Karnataka,2-Wheelers,9720,101545
1-Aug-23,Kerala,2-Wheelers,4798,49548
1-Aug-23,Madhya Pradesh,2-Wheelers,3907,73963
1-Aug-23,Maharashtra,2-Wheelers,12043,133378
1-Aug-23,Manipur,2-Wheelers,8,846
1-Aug-23,Meghalaya,2-Wheelers,15,2060
1-Aug-23,Mizoram,2-Wheelers,4,1908
1-Aug-23,Odisha,2-Wheelers,2737,36033
1-Aug-23,Puducherry,2-Wheelers,197,4141
1-Aug-23,Punjab,2-Wheelers,642,34784
1-Aug-23,Rajasthan,2-Wheelers,4313,76171
1-Aug-23,Tamil Nadu,2-Wheelers,6246,128997
1-Aug-23,Tripura,2-Wheelers,33,3154
1-Aug-23,Uttar Pradesh,2-Wheelers,2710,146984
1-Aug-23,Uttarakhand,2-Wheelers,364,12790
1-Aug-23,West Bengal,2-Wheelers,511,64154
1-Sep-23,Andhra Pradesh,2-Wheelers,1388,53014
1-Sep-23,Assam,2-Wheelers,257,32936
1-Sep-23,Bihar,2-Wheelers,900,65102
1-Sep-23,Chandigarh,2-Wheelers,134,1868
1-Sep-23,Chhattisgarh,2-Wheelers,2178,30725
1-Sep-23,DNH and DD,2-Wheelers,12,732
1-Sep-23,Delhi,2-Wheelers,2002,31468
1-Sep-23,Goa,2-Wheelers,560,5539
1-Sep-23,Gujarat,2-Wheelers,7209,129851
1-Sep-23,Haryana,2-Wheelers,321,44459
1-Sep-23,Himachal Pradesh,2-Wheelers,68,5403
1-Sep-23,Jammu and Kashmir,2-Wheelers,113,8372
1-Sep-23,Jharkhand,2-Wheelers,524,31209
1-Sep-23,Karnataka,2-Wheelers,10590,106981
1-Sep-23,Kerala,2-Wheelers,4461,48967
1-Sep-23,Madhya Pradesh,2-Wheelers,3283,74064
1-Sep-23,Maharashtra,2-Wheelers,12444,134556
1-Sep-23,Meghalaya,2-Wheelers,11,1991
1-Sep-23,Mizoram,2-Wheelers,6,1561
1-Sep-23,Odisha,2-Wheelers,3049,45630
1-Sep-23,Puducherry,2-Wheelers,136,3350
1-Sep-23,Punjab,2-Wheelers,676,35832
1-Sep-23,Rajasthan,2-Wheelers,4336,81056
1-Sep-23,Tamil Nadu,2-Wheelers,5178,116071
1-Sep-23,Tripura,2-Wheelers,17,3157
1-Sep-23,Uttar Pradesh,2-Wheelers,3141,143067
1-Sep-23,Uttarakhand,2-Wheelers,262,12642
1-Sep-23,West Bengal,2-Wheelers,489,58361
1-Oct-23,Andhra Pradesh,2-Wheelers,1757,66154
1-Oct-23,Assam,2-Wheelers,245,51372
1-Oct-23,Bihar,2-Wheelers,820,65088
1-Oct-23,Chandigarh,2-Wheelers,157,1964
1-Oct-23,Chhattisgarh,2-Wheelers,2195,38600
1-Oct-23,DNH and DD,2-Wheelers,4,1109
1-Oct-23,Delhi,2-Wheelers,2611,35861
1-Oct-23,Goa,2-Wheelers,567,5377
1-Oct-23,Gujarat,2-Wheelers,8417,149414
1-Oct-23,Haryana,2-Wheelers,591,37096
1-Oct-23,Himachal Pradesh,2-Wheelers,53,4480
1-Oct-23,Jammu and Kashmir,2-Wheelers,137,6736
1-Oct-23,Jharkhand,2-Wheelers,502,33632
1-Oct-23,Karnataka,2-Wheelers,11137,108712
1-Oct-23,Kerala,2-Wheelers,5051,36841
1-Oct-23,Madhya Pradesh,2-Wheelers,3262,99036
1-Oct-23,Maharashtra,2-Wheelers,15716,167065
1-Oct-23,Manipur,2-Wheelers,6,1035
1-Oct-23,Mizoram,2-Wheelers,36,1958
1-Oct-23,Odisha,2-Wheelers,3972,71596
1-Oct-23,Puducherry,2-Wheelers,197,3765
1-Oct-23,Punjab,2-Wheelers,760,34028
1-Oct-23,Rajasthan,2-Wheelers,4906,103647
1-Oct-23,Tamil Nadu,2-Wheelers,6507,131658
1-Oct-23,Tripura,2-Wheelers,6,4285
1-Oct-23,Uttar Pradesh,2-Wheelers,3775,162993
1-Oct-23,Uttarakhand,2-Wheelers,383,13890
1-Oct-23,West Bengal,2-Wheelers,851,65489
1-Nov-23,Andaman & Nicobar Island,2-Wheelers,3,598
1-Nov-23,Andhra Pradesh,2-Wheelers,1997,79246
1-Nov-23,Assam,2-Wheelers,244,41326
1-Nov-23,Bihar,2-Wheelers,1765,149828
1-Nov-23,Chandigarh,2-Wheelers,241,2430
1-Nov-23,Chhattisgarh,2-Wheelers,3880,76276
1-Nov-23,DNH and DD,2-Wheelers,15,1185
1-Nov-23,Delhi,2-Wheelers,3976,56736
1-Nov-23,Goa,2-Wheelers,977,6217
1-Nov-23,Gujarat,2-Wheelers,5424,152556
1-Nov-23,Haryana,2-Wheelers,565,42364
1-Nov-23,Himachal Pradesh,2-Wheelers,53,6131
1-Nov-23,Jammu and Kashmir,2-Wheelers,172,8743
1-Nov-23,Jharkhand,2-Wheelers,825,63696
1-Nov-23,Karnataka,2-Wheelers,14300,136535
1-Nov-23,Kerala,2-Wheelers,5352,36822
1-Nov-23,Madhya Pradesh,2-Wheelers,4861,204532
1-Nov-23,Maharashtra,2-Wheelers,19008,230768
1-Nov-23,Manipur,2-Wheelers,10,812
1-Nov-23,Meghalaya,2-Wheelers,6,1893
1-Nov-23,Mizoram,2-Wheelers,35,1977
1-Nov-23,Odisha,2-Wheelers,4345,63423
1-Nov-23,Puducherry,2-Wheelers,194,3681
1-Nov-23,Punjab,2-Wheelers,1184,48694
1-Nov-23,Rajasthan,2-Wheelers,7743,191722
1-Nov-23,Tamil Nadu,2-Wheelers,7096,121926
1-Nov-23,Tripura,2-Wheelers,11,4893
1-Nov-23,Uttar Pradesh,2-Wheelers,5327,387983
1-Nov-23,Uttarakhand,2-Wheelers,626,24522
1-Nov-23,West Bengal,2-Wheelers,1007,97240
1-Dec-23,Andaman & Nicobar Island,2-Wheelers,7,430
1-Dec-23,Andhra Pradesh,2-Wheelers,2372,60868
1-Dec-23,Arunachal Pradesh,2-Wheelers,2,1377
1-Dec-23,Assam,2-Wheelers,204,38490
1-Dec-23,Bihar,2-Wheelers,1354,91064
1-Dec-23,Chandigarh,2-Wheelers,137,1162
1-Dec-23,Chhattisgarh,2-Wheelers,1865,31773
1-Dec-23,DNH and DD,2-Wheelers,13,1447
1-Dec-23,Delhi,2-Wheelers,5380,27097
1-Dec-23,Goa,2-Wheelers,799,4299
1-Dec-23,Gujarat,2-Wheelers,4080,85848
1-Dec-23,Haryana,2-Wheelers,1019,60574
1-Dec-23,Himachal Pradesh,2-Wheelers,102,9988
1-Dec-23,Jammu and Kashmir,2-Wheelers,96,3661
1-Dec-23,Jharkhand,2-Wheelers,632,32673
1-Dec-23,Karnataka,2-Wheelers,10237,91996
1-Dec-23,Kerala,2-Wheelers,4866,35712
1-Dec-23,Madhya Pradesh,2-Wheelers,3359,88017
1-Dec-23,Maharashtra,2-Wheelers,14495,174125
1-Dec-23,Manipur,2-Wheelers,6,976
1-Dec-23,Mizoram,2-Wheelers,24,1974
1-Dec-23,Odisha,2-Wheelers,4383,48402
1-Dec-23,Puducherry,2-Wheelers,224,2836
1-Dec-23,Punjab,2-Wheelers,951,45523
1-Dec-23,Rajasthan,2-Wheelers,4676,99479
1-Dec-23,Tamil Nadu,2-Wheelers,5403,82736
1-Dec-23,Tripura,2-Wheelers,40,3663
1-Dec-23,Uttar Pradesh,2-Wheelers,5487,211546
1-Dec-23,Uttarakhand,2-Wheelers,655,19337
1-Dec-23,West Bengal,2-Wheelers,2625,90092
1-Jan-24,Uttar Pradesh,2-Wheelers,5668,181667
1-Jan-24,Maharashtra,2-Wheelers,16367,172830
1-Jan-24,Karnataka,2-Wheelers,12415,115920
1-Jan-24,Tamil Nadu,2-Wheelers,7580,153753
1-Jan-24,Bihar,2-Wheelers,1288,71556
1-Jan-24,Kerala,2-Wheelers,6457,42509
1-Jan-24,Rajasthan,2-Wheelers,4432,78862
1-Jan-24,Delhi,2-Wheelers,3073,38413
1-Jan-24,Madhya Pradesh,2-Wheelers,3684,92100
1-Jan-24,Gujarat,2-Wheelers,5424,91933
1-Jan-24,Odisha,2-Wheelers,3883,53485
1-Jan-24,Assam,2-Wheelers,253,44386
1-Jan-24,Haryana,2-Wheelers,1259,42824
1-Jan-24,Chhattisgarh,2-Wheelers,2367,42881
1-Jan-24,West Bengal,2-Wheelers,1636,72390
1-Jan-24,Punjab,2-Wheelers,821,33511
1-Jan-24,Andhra Pradesh,2-Wheelers,2134,53619
1-Jan-24,Jharkhand,2-Wheelers,551,30612
1-Jan-24,Uttarakhand,2-Wheelers,382,11682
1-Jan-24,Jammu and Kashmir,2-Wheelers,219,4582
1-Jan-24,Goa,2-Wheelers,832,5079
1-Jan-24,Chandigarh,2-Wheelers,118,1450
1-Jan-24,Tripura,2-Wheelers,3,3000
1-Jan-24,Puducherry,2-Wheelers,310,5141
1-Jan-24,Himachal Pradesh,2-Wheelers,79,6031
1-Jan-24,DNH and DD,2-Wheelers,31,866
1-Jan-24,Manipur,2-Wheelers,7,1556
1-Jan-24,Mizoram,2-Wheelers,28,1872
1-Jan-24,Meghalaya,2-Wheelers,26,1625
1-Jan-24,Ladakh,2-Wheelers,14,37
1-Jan-24,Andaman & Nicobar,2-Wheelers,2,483
1-Feb-24,Uttar Pradesh,2-Wheelers,6557,206846
1-Feb-24,Maharashtra,2-Wheelers,15193,147649
1-Feb-24,Karnataka,2-Wheelers,12605,108852
1-Feb-24,Tamil Nadu,2-Wheelers,8647,143638
1-Feb-24,Rajasthan,2-Wheelers,5145,81152
1-Feb-24,Bihar,2-Wheelers,1301,83398
1-Feb-24,Madhya Pradesh,2-Wheelers,4006,87659
1-Feb-24,Kerala,2-Wheelers,5389,38356
1-Feb-24,Gujarat,2-Wheelers,5103,88441
1-Feb-24,Delhi,2-Wheelers,2364,30504
1-Feb-24,Assam,2-Wheelers,246,39048
1-Feb-24,Odisha,2-Wheelers,3733,57255
1-Feb-24,Chhattisgarh,2-Wheelers,2198,40110
1-Feb-24,Punjab,2-Wheelers,1017,34359
1-Feb-24,Andhra Pradesh,2-Wheelers,2830,56600
1-Feb-24,Haryana,2-Wheelers,1075,38121
1-Feb-24,West Bengal,2-Wheelers,1341,74089
1-Feb-24,Jharkhand,2-Wheelers,710,34467
1-Feb-24,Uttarakhand,2-Wheelers,586,13692
1-Feb-24,Jammu and Kashmir,2-Wheelers,233,5055
1-Feb-24,Goa,2-Wheelers,990,4759
1-Feb-24,Tripura,2-Wheelers,24,3334
1-Feb-24,Chandigarh,2-Wheelers,126,1416
1-Feb-24,Puducherry,2-Wheelers,384,4556
1-Feb-24,Himachal Pradesh,2-Wheelers,66,4926
1-Feb-24,Mizoram,2-Wheelers,51,2146
1-Feb-24,Manipur,2-Wheelers,3,1723
1-Feb-24,DNH and DD,2-Wheelers,24,1052
1-Feb-24,Meghalaya,2-Wheelers,11,1890
1-Feb-24,Andaman & Nicobar Island,2-Wheelers,5,473
1-Mar-24,Maharashtra,2-Wheelers,26668,152563
1-Mar-24,Uttar Pradesh,2-Wheelers,7799,210216
1-Mar-24,Karnataka,2-Wheelers,22742,123800
1-Mar-24,Tamil Nadu,2-Wheelers,13350,124071
1-Mar-24,Rajasthan,2-Wheelers,7933,89538
1-Mar-24,Delhi,2-Wheelers,5002,31599
1-Mar-24,Kerala,2-Wheelers,8393,42909
1-Mar-24,Gujarat,2-Wheelers,8496,94822
1-Mar-24,Bihar,2-Wheelers,2584,102949
1-Mar-24,Madhya Pradesh,2-Wheelers,5772,95405
1-Mar-24,Andhra Pradesh,2-Wheelers,7057,69119
1-Mar-24,Assam,2-Wheelers,767,42612
1-Mar-24,Chhattisgarh,2-Wheelers,3610,46046
1-Mar-24,Punjab,2-Wheelers,1514,35877
1-Mar-24,West Bengal,2-Wheelers,2159,69871
1-Mar-24,Haryana,2-Wheelers,1387,41778
1-Mar-24,Jharkhand,2-Wheelers,824,38149
1-Mar-24,Goa,2-Wheelers,1745,5018
1-Mar-24,Uttarakhand,2-Wheelers,579,12506
1-Mar-24,Jammu and Kashmir,2-Wheelers,297,6600
1-Mar-24,Tripura,2-Wheelers,41,3728
1-Mar-24,Chandigarh,2-Wheelers,215,1525
1-Mar-24,Puducherry,2-Wheelers,477,4337
1-Mar-24,Meghalaya,2-Wheelers,4,2223
1-Mar-24,Himachal Pradesh,2-Wheelers,90,4737
1-Mar-24,Mizoram,2-Wheelers,58,1932
1-Mar-24,DNH and DD,2-Wheelers,25,780
1-Mar-24,Manipur,2-Wheelers,13,1394
1-Mar-24,Andaman & Nicobar Island,2-Wheelers,2,447
1-Mar-24,Nagaland,2-Wheelers,2,1180
